sku_surtilec_candidato,referencia_fuente_interna,nombre_fuente_interno,nombre_surtilec_propuesto,descripcion_corta_propuesta,descripcion_larga_propuesta,categoria_surtilec,subcategoria_surtilec,unidad_venta_propuesta,datos_confirmados_por_referencia,datos_pendientes_de_verificacion,coincidencia_catalogo_actual,estado_fuente,estado_imagen,evidencia_interna_url,imagen_interna_url,campos_pendientes
SRT-CTRL-7x12AWG-CU-PVC,,Cable Control 7x12 AWG PC Cu PVC,"Cable de control 7 x 12 AWG, cobre, PVC","Cable de control con 7 x 12 AWG, cobre, PVC. Confirma clasificación, temperatura, aplicación y norma en la ficha técnica.","<p>Cable de control con 7 x 12 AWG, cobre, PVC. Confirma clasificación, temperatura, aplicación y norma en la ficha técnica.</p><p>La ficha técnica del fabricante es la fuente final para confirmar las condiciones de selección e instalación.</p>",Cables de control,,,configuración: 7 x 12 AWG; conductor indicado: cobre; aislamiento indicado: PVC,SKU o referencia del fabricante; marca; ficha técnica y norma aplicable; significado de la sigla PC; aplicación autorizada; tensión y temperatura confirmadas en ficha,no_coincidencia_exacta,pendiente_verificacion,pendiente_permiso,https://cablescolombia.com/producto/cable-control-7x12-awg-pc-cu-pvc,https://multimedia02.s3.us-east-2.amazonaws.com/Produccion/tiendas/127/productos/76680/b715465cb0d0048a.webp,referencia fabricante; marca; ficha técnica; validación de especificaciones; permiso de imagen
SRT-CTRL-2x14-20AWG-CU-PVC-600V,,Cable Control 2x14+20 awg cu pvc tc ls 90°c 600v,"Cable de control 2 x 14 + 20 AWG, cobre, PVC, 600 V","Cable de control con 2 x 14 + 20 AWG, cobre, PVC y tensión indicada de 600 V. Confirma clasificación, temperatura, aplicación y norma en la ficha técnica.","<p>Cable de control con 2 x 14 + 20 AWG, cobre, PVC y tensión indicada de 600 V. Confirma clasificación, temperatura, aplicación y norma en la ficha técnica.</p><p>La ficha técnica del fabricante es la fuente final para confirmar las condiciones de selección e instalación.</p>",Cables de control,,,configuración: 2 x 14 + 20 AWG; conductor indicado: cobre; aislamiento indicado: PVC; tensión indicada: 600 V; temperatura indicada: 90 °C; clasificación indicada: TC; clasificación indicada: LS,SKU o referencia del fabricante; marca; ficha técnica y norma aplicable; aplicación autorizada; tensión y temperatura confirmadas en ficha,no_coincidencia_exacta,pendiente_verificacion,pendiente_permiso,https://cablescolombia.com/producto/cable-control-2x14-20-awg-cu-pvc-tc-ls-90-c-600v,https://multimedia02.s3.us-east-2.amazonaws.com/Produccion/tiendas/127/productos/415/1988be1f06be85cb.webp,referencia fabricante; marca; ficha técnica; validación de especificaciones; permiso de imagen
SRT-CTRL-4x14-20AWG-CU-PVC-600V,,Cable Control 4x14+20 awg cu pvc tc ls 90°c 600v,"Cable de control 4 x 14 + 20 AWG, cobre, PVC, 600 V","Cable de control con 4 x 14 + 20 AWG, cobre, PVC y tensión indicada de 600 V. Confirma clasificación, temperatura, aplicación y norma en la ficha técnica.","<p>Cable de control con 4 x 14 + 20 AWG, cobre, PVC y tensión indicada de 600 V. Confirma clasificación, temperatura, aplicación y norma en la ficha técnica.</p><p>La ficha técnica del fabricante es la fuente final para confirmar las condiciones de selección e instalación.</p>",Cables de control,,,configuración: 4 x 14 + 20 AWG; conductor indicado: cobre; aislamiento indicado: PVC; tensión indicada: 600 V; temperatura indicada: 90 °C; clasificación indicada: TC; clasificación indicada: LS,SKU o referencia del fabricante; marca; ficha técnica y norma aplicable; aplicación autorizada; tensión y temperatura confirmadas en ficha,no_coincidencia_exacta,pendiente_verificacion,pendiente_permiso,https://cablescolombia.com/producto/cable-control-4x14-20-awg-cu-pvc-tc-ls-90-c-600v,https://multimedia02.s3.us-east-2.amazonaws.com/Produccion/tiendas/127/productos/421/ac540133bc2e9982.webp,referencia fabricante; marca; ficha técnica; validación de especificaciones; permiso de imagen
SRT-CTRL-6x14-20AWG-CU-PVC-600V,,Cable Control 6x14+20 awg cu pvc tc ls 90°c 600v,"Cable de control 6 x 14 + 20 AWG, cobre, PVC, 600 V","Cable de control con 6 x 14 + 20 AWG, cobre, PVC y tensión indicada de 600 V. Confirma clasificación, temperatura, aplicación y norma en la ficha técnica.","<p>Cable de control con 6 x 14 + 20 AWG, cobre, PVC y tensión indicada de 600 V. Confirma clasificación, temperatura, aplicación y norma en la ficha técnica.</p><p>La ficha técnica del fabricante es la fuente final para confirmar las condiciones de selección e instalación.</p>",Cables de control,,,configuración: 6 x 14 + 20 AWG; conductor indicado: cobre; aislamiento indicado: PVC; tensión indicada: 600 V; temperatura indicada: 90 °C; clasificación indicada: TC; clasificación indicada: LS,SKU o referencia del fabricante; marca; ficha técnica y norma aplicable; aplicación autorizada; tensión y temperatura confirmadas en ficha,no_coincidencia_exacta,pendiente_verificacion,pendiente_permiso,https://cablescolombia.com/producto/cable-control-6x14-20-awg-cu-pvc-tc-ls-90-c-600v,https://multimedia02.s3.us-east-2.amazonaws.com/Produccion/tiendas/127/productos/423/0809db027d7d89df.webp,referencia fabricante; marca; ficha técnica; validación de especificaciones; permiso de imagen
SRT-CTRL-9x14-20AWG-CU-PVC-600V,,Cable Control 9x14+20 awg cu pvc tc ls 90°c 600v,"Cable de control 9 x 14 + 20 AWG, cobre, PVC, 600 V","Cable de control con 9 x 14 + 20 AWG, cobre, PVC y tensión indicada de 600 V. Confirma clasificación, temperatura, aplicación y norma en la ficha técnica.","<p>Cable de control con 9 x 14 + 20 AWG, cobre, PVC y tensión indicada de 600 V. Confirma clasificación, temperatura, aplicación y norma en la ficha técnica.</p><p>La ficha técnica del fabricante es la fuente final para confirmar las condiciones de selección e instalación.</p>",Cables de control,,,configuración: 9 x 14 + 20 AWG; conductor indicado: cobre; aislamiento indicado: PVC; tensión indicada: 600 V; temperatura indicada: 90 °C; clasificación indicada: TC; clasificación indicada: LS,SKU o referencia del fabricante; marca; ficha técnica y norma aplicable; aplicación autorizada; tensión y temperatura confirmadas en ficha,no_coincidencia_exacta,pendiente_verificacion,pendiente_permiso,https://cablescolombia.com/producto/cable-control-9x14-20-awg-cu-pvc-tc-ls-90-c-600v,https://multimedia02.s3.us-east-2.amazonaws.com/Produccion/tiendas/127/productos/424/35c44286ce861fec.webp,referencia fabricante; marca; ficha técnica; validación de especificaciones; permiso de imagen
SRT-CTRL-2x12-20AWG-CU-PVC-600V,,Cable Control 2x12+20 awg cu pvc tc ls 90°c 600v,"Cable de control 2 x 12 + 20 AWG, cobre, PVC, 600 V","Cable de control con 2 x 12 + 20 AWG, cobre, PVC y tensión indicada de 600 V. Confirma clasificación, temperatura, aplicación y norma en la ficha técnica.","<p>Cable de control con 2 x 12 + 20 AWG, cobre, PVC y tensión indicada de 600 V. Confirma clasificación, temperatura, aplicación y norma en la ficha técnica.</p><p>La ficha técnica del fabricante es la fuente final para confirmar las condiciones de selección e instalación.</p>",Cables de control,,,configuración: 2 x 12 + 20 AWG; conductor indicado: cobre; aislamiento indicado: PVC; tensión indicada: 600 V; temperatura indicada: 90 °C; clasificación indicada: TC; clasificación indicada: LS,SKU o referencia del fabricante; marca; ficha técnica y norma aplicable; aplicación autorizada; tensión y temperatura confirmadas en ficha,no_coincidencia_exacta,pendiente_verificacion,pendiente_permiso,https://cablescolombia.com/producto/cable-control-2x12-20-awg-cu-pvc-tc-ls-90-c-600v,https://multimedia02.s3.us-east-2.amazonaws.com/Produccion/tiendas/127/productos/427/627a7b984de569c2.webp,referencia fabricante; marca; ficha técnica; validación de especificaciones; permiso de imagen
SRT-CTRL-4x12-20AWG-CU-PVC-600V,,Cable Control 4x12+20 awg cu pvc tc ls 90°c 600v,"Cable de control 4 x 12 + 20 AWG, cobre, PVC, 600 V","Cable de control con 4 x 12 + 20 AWG, cobre, PVC y tensión indicada de 600 V. Confirma clasificación, temperatura, aplicación y norma en la ficha técnica.","<p>Cable de control con 4 x 12 + 20 AWG, cobre, PVC y tensión indicada de 600 V. Confirma clasificación, temperatura, aplicación y norma en la ficha técnica.</p><p>La ficha técnica del fabricante es la fuente final para confirmar las condiciones de selección e instalación.</p>",Cables de control,,,configuración: 4 x 12 + 20 AWG; conductor indicado: cobre; aislamiento indicado: PVC; tensión indicada: 600 V; temperatura indicada: 90 °C; clasificación indicada: TC; clasificación indicada: LS,SKU o referencia del fabricante; marca; ficha técnica y norma aplicable; aplicación autorizada; tensión y temperatura confirmadas en ficha,no_coincidencia_exacta,pendiente_verificacion,pendiente_permiso,https://cablescolombia.com/producto/cable-control-4x12-20-awg-cu-pvc-tc-ls-90-c-600v,https://multimedia02.s3.us-east-2.amazonaws.com/Produccion/tiendas/127/productos/428/8e810da0f826d11e.webp,referencia fabricante; marca; ficha técnica; validación de especificaciones; permiso de imagen
SRT-CTRL-6x12-20AWG-CU-PVC-600V,,Cable Control 6x12+20 awg cu pvc tc ls 90°c 600v,"Cable de control 6 x 12 + 20 AWG, cobre, PVC, 600 V","Cable de control con 6 x 12 + 20 AWG, cobre, PVC y tensión indicada de 600 V. Confirma clasificación, temperatura, aplicación y norma en la ficha técnica.","<p>Cable de control con 6 x 12 + 20 AWG, cobre, PVC y tensión indicada de 600 V. Confirma clasificación, temperatura, aplicación y norma en la ficha técnica.</p><p>La ficha técnica del fabricante es la fuente final para confirmar las condiciones de selección e instalación.</p>",Cables de control,,,configuración: 6 x 12 + 20 AWG; conductor indicado: cobre; aislamiento indicado: PVC; tensión indicada: 600 V; temperatura indicada: 90 °C; clasificación indicada: TC; clasificación indicada: LS,SKU o referencia del fabricante; marca; ficha técnica y norma aplicable; aplicación autorizada; tensión y temperatura confirmadas en ficha,no_coincidencia_exacta,pendiente_verificacion,pendiente_permiso,https://cablescolombia.com/producto/cable-control-6x12-20-awg-cu-pvc-tc-ls-90-c-600v,https://multimedia02.s3.us-east-2.amazonaws.com/Produccion/tiendas/127/productos/430/1349945d44dbdabc.webp,referencia fabricante; marca; ficha técnica; validación de especificaciones; permiso de imagen
SRT-CTRL-9x12-20AWG-CU-PVC-600V,,Cable Control 9x12+20 awg cu pvc tc ls 90°c 600v,"Cable de control 9 x 12 + 20 AWG, cobre, PVC, 600 V","Cable de control con 9 x 12 + 20 AWG, cobre, PVC y tensión indicada de 600 V. Confirma clasificación, temperatura, aplicación y norma en la ficha técnica.","<p>Cable de control con 9 x 12 + 20 AWG, cobre, PVC y tensión indicada de 600 V. Confirma clasificación, temperatura, aplicación y norma en la ficha técnica.</p><p>La ficha técnica del fabricante es la fuente final para confirmar las condiciones de selección e instalación.</p>",Cables de control,,,configuración: 9 x 12 + 20 AWG; conductor indicado: cobre; aislamiento indicado: PVC; tensión indicada: 600 V; temperatura indicada: 90 °C; clasificación indicada: TC; clasificación indicada: LS,SKU o referencia del fabricante; marca; ficha técnica y norma aplicable; aplicación autorizada; tensión y temperatura confirmadas en ficha,no_coincidencia_exacta,pendiente_verificacion,pendiente_permiso,https://cablescolombia.com/producto/cable-control-9x12-20-awg-cu-pvc-tc-ls-90-c-600v,https://multimedia02.s3.us-east-2.amazonaws.com/Produccion/tiendas/127/productos/431/eefb284e5a09f7dd.webp,referencia fabricante; marca; ficha técnica; validación de especificaciones; permiso de imagen
SRT-CTRL-2x10-20AWG-CU-PVC-600V,,Cable Control 2x10+20 awg cu pvc tc ls 90°c 600v,"Cable de control 2 x 10 + 20 AWG, cobre, PVC, 600 V","Cable de control con 2 x 10 + 20 AWG, cobre, PVC y tensión indicada de 600 V. Confirma clasificación, temperatura, aplicación y norma en la ficha técnica.","<p>Cable de control con 2 x 10 + 20 AWG, cobre, PVC y tensión indicada de 600 V. Confirma clasificación, temperatura, aplicación y norma en la ficha técnica.</p><p>La ficha técnica del fabricante es la fuente final para confirmar las condiciones de selección e instalación.</p>",Cables de control,,,configuración: 2 x 10 + 20 AWG; conductor indicado: cobre; aislamiento indicado: PVC; tensión indicada: 600 V; temperatura indicada: 90 °C; clasificación indicada: TC; clasificación indicada: LS,SKU o referencia del fabricante; marca; ficha técnica y norma aplicable; aplicación autorizada; tensión y temperatura confirmadas en ficha,no_coincidencia_exacta,pendiente_verificacion,pendiente_permiso,https://cablescolombia.com/producto/cable-control-2x10-20-awg-cu-pvc-tc-ls-90-c-600v,https://multimedia02.s3.us-east-2.amazonaws.com/Produccion/tiendas/127/productos/433/52e55d75f0cb6057.webp,referencia fabricante; marca; ficha técnica; validación de especificaciones; permiso de imagen
SRT-CTRL-4x10-20AWG-CU-PVC-600V,,Cable Control 4x10+20 awg cu pvc tc ls 90°c 600v,"Cable de control 4 x 10 + 20 AWG, cobre, PVC, 600 V","Cable de control con 4 x 10 + 20 AWG, cobre, PVC y tensión indicada de 600 V. Confirma clasificación, temperatura, aplicación y norma en la ficha técnica.","<p>Cable de control con 4 x 10 + 20 AWG, cobre, PVC y tensión indicada de 600 V. Confirma clasificación, temperatura, aplicación y norma en la ficha técnica.</p><p>La ficha técnica del fabricante es la fuente final para confirmar las condiciones de selección e instalación.</p>",Cables de control,,,configuración: 4 x 10 + 20 AWG; conductor indicado: cobre; aislamiento indicado: PVC; tensión indicada: 600 V; temperatura indicada: 90 °C; clasificación indicada: TC; clasificación indicada: LS,SKU o referencia del fabricante; marca; ficha técnica y norma aplicable; aplicación autorizada; tensión y temperatura confirmadas en ficha,no_coincidencia_exacta,pendiente_verificacion,pendiente_permiso,https://cablescolombia.com/producto/cable-control-4x10-20-awg-cu-pvc-tc-ls-90-c-600v,https://multimedia02.s3.us-east-2.amazonaws.com/Produccion/tiendas/127/productos/435/6f63eb7a8dbc5819.webp,referencia fabricante; marca; ficha técnica; validación de especificaciones; permiso de imagen
SRT-CTRL-9x10-20AWG-CU-PVC-600V,,Cable Control 9x10+20 awg cu pvc tc ls 90°c 600v,"Cable de control 9 x 10 + 20 AWG, cobre, PVC, 600 V","Cable de control con 9 x 10 + 20 AWG, cobre, PVC y tensión indicada de 600 V. Confirma clasificación, temperatura, aplicación y norma en la ficha técnica.","<p>Cable de control con 9 x 10 + 20 AWG, cobre, PVC y tensión indicada de 600 V. Confirma clasificación, temperatura, aplicación y norma en la ficha técnica.</p><p>La ficha técnica del fabricante es la fuente final para confirmar las condiciones de selección e instalación.</p>",Cables de control,,,configuración: 9 x 10 + 20 AWG; conductor indicado: cobre; aislamiento indicado: PVC; tensión indicada: 600 V; temperatura indicada: 90 °C; clasificación indicada: TC; clasificación indicada: LS,SKU o referencia del fabricante; marca; ficha técnica y norma aplicable; aplicación autorizada; tensión y temperatura confirmadas en ficha,no_coincidencia_exacta,pendiente_verificacion,pendiente_permiso,https://cablescolombia.com/producto/cable-control-9x10-20-awg-cu-pvc-tc-ls-90-c-600v,https://multimedia02.s3.us-east-2.amazonaws.com/Produccion/tiendas/127/productos/437/55d96da33d6a57ec.webp,referencia fabricante; marca; ficha técnica; validación de especificaciones; permiso de imagen
SRT-ENCAU-7x16AWG-CU,CBE-10034988,Cable Encauchetado 7X16 AWG CU,"Cable encauchetado 7 x 16 AWG, cobre","Cable encauchetado con 7 x 16 AWG y conductores de cobre. Confirma chaqueta, tensión, temperatura, aplicación y norma en la ficha técnica.","<p>Cable encauchetado con 7 x 16 AWG y conductores de cobre. Confirma chaqueta, tensión, temperatura, aplicación y norma en la ficha técnica.</p><p>La ficha técnica del fabricante es la fuente final para confirmar las condiciones de selección e instalación.</p>",Cables especiales,Cable encauchetado,,configuración: 7 x 16 AWG; conductor indicado: cobre,"SKU o referencia del fabricante; marca; ficha técnica y norma aplicable; tipo de chaqueta; tensión, temperatura y aplicación confirmadas en ficha",no_coincidencia_exacta,pendiente_verificacion,pendiente_permiso,https://cablescolombia.com/producto/cable-encauchetado-7x16-awg-cu,https://multimedia02.s3.us-east-2.amazonaws.com/Produccion/tiendas/127/productos/79724/6769967873007ccf.webp,referencia fabricante; marca; ficha técnica; validación de especificaciones; permiso de imagen
SRT-ENCAU-7x14AWG-CU,CBE-10034987,Cable Encauchetado 7X14 AWG CU,"Cable encauchetado 7 x 14 AWG, cobre","Cable encauchetado con 7 x 14 AWG y conductores de cobre. Confirma chaqueta, tensión, temperatura, aplicación y norma en la ficha técnica.","<p>Cable encauchetado con 7 x 14 AWG y conductores de cobre. Confirma chaqueta, tensión, temperatura, aplicación y norma en la ficha técnica.</p><p>La ficha técnica del fabricante es la fuente final para confirmar las condiciones de selección e instalación.</p>",Cables especiales,Cable encauchetado,,configuración: 7 x 14 AWG; conductor indicado: cobre,"SKU o referencia del fabricante; marca; ficha técnica y norma aplicable; tipo de chaqueta; tensión, temperatura y aplicación confirmadas en ficha",no_coincidencia_exacta,pendiente_verificacion,pendiente_permiso,https://cablescolombia.com/producto/cable-encauchetado-7x14-awg-cu,https://multimedia02.s3.us-east-2.amazonaws.com/Produccion/tiendas/127/productos/79725/0a4e6ec02ec930c5.webp,referencia fabricante; marca; ficha técnica; validación de especificaciones; permiso de imagen
SRT-ENCAU-7x10AWG-CU,,Cable Encauchetado 7X10 AWG CU,"Cable encauchetado 7 x 10 AWG, cobre","Cable encauchetado con 7 x 10 AWG y conductores de cobre. Confirma chaqueta, tensión, temperatura, aplicación y norma en la ficha técnica.","<p>Cable encauchetado con 7 x 10 AWG y conductores de cobre. Confirma chaqueta, tensión, temperatura, aplicación y norma en la ficha técnica.</p><p>La ficha técnica del fabricante es la fuente final para confirmar las condiciones de selección e instalación.</p>",Cables especiales,Cable encauchetado,,configuración: 7 x 10 AWG; conductor indicado: cobre,"SKU o referencia del fabricante; marca; ficha técnica y norma aplicable; tipo de chaqueta; tensión, temperatura y aplicación confirmadas en ficha",no_coincidencia_exacta,pendiente_verificacion,pendiente_permiso,https://cablescolombia.com/producto/cable-encauchetado-7x10-awg-cu,https://multimedia02.s3.us-east-2.amazonaws.com/Produccion/tiendas/127/productos/79726/03f17877938f6f5e.webp,referencia fabricante; marca; ficha técnica; validación de especificaciones; permiso de imagen
SRT-ENCAU-6x18AWG-CU,,Cable Encauchetado 6X18 AWG CU,"Cable encauchetado 6 x 18 AWG, cobre","Cable encauchetado con 6 x 18 AWG y conductores de cobre. Confirma chaqueta, tensión, temperatura, aplicación y norma en la ficha técnica.","<p>Cable encauchetado con 6 x 18 AWG y conductores de cobre. Confirma chaqueta, tensión, temperatura, aplicación y norma en la ficha técnica.</p><p>La ficha técnica del fabricante es la fuente final para confirmar las condiciones de selección e instalación.</p>",Cables especiales,Cable encauchetado,,configuración: 6 x 18 AWG; conductor indicado: cobre,"SKU o referencia del fabricante; marca; ficha técnica y norma aplicable; tipo de chaqueta; tensión, temperatura y aplicación confirmadas en ficha",no_coincidencia_exacta,pendiente_verificacion,pendiente_permiso,https://cablescolombia.com/producto/cable-encauchetado-6x18-awg-cu,https://multimedia02.s3.us-east-2.amazonaws.com/Produccion/tiendas/127/productos/79727/d85fd1cd96c36c04.webp,referencia fabricante; marca; ficha técnica; validación de especificaciones; permiso de imagen
SRT-ENCAU-6x16AWG-CU,,Cable Encauchetado 6X16 AWG Cu,"Cable encauchetado 6 x 16 AWG, cobre","Cable encauchetado con 6 x 16 AWG y conductores de cobre. Confirma chaqueta, tensión, temperatura, aplicación y norma en la ficha técnica.","<p>Cable encauchetado con 6 x 16 AWG y conductores de cobre. Confirma chaqueta, tensión, temperatura, aplicación y norma en la ficha técnica.</p><p>La ficha técnica del fabricante es la fuente final para confirmar las condiciones de selección e instalación.</p>",Cables especiales,Cable encauchetado,,configuración: 6 x 16 AWG; conductor indicado: cobre,"SKU o referencia del fabricante; marca; ficha técnica y norma aplicable; tipo de chaqueta; tensión, temperatura y aplicación confirmadas en ficha",no_coincidencia_exacta,pendiente_verificacion,pendiente_permiso,https://cablescolombia.com/producto/cable-encauchetado-6x16-awg-cu,https://multimedia02.s3.us-east-2.amazonaws.com/Produccion/tiendas/127/productos/79728/1104969f9ea0a56d.webp,referencia fabricante; marca; ficha técnica; validación de especificaciones; permiso de imagen
SRT-ENCAU-6x14AWG-CU,,Cable Encauchetado 6X14 AWG CU,"Cable encauchetado 6 x 14 AWG, cobre","Cable encauchetado con 6 x 14 AWG y conductores de cobre. Confirma chaqueta, tensión, temperatura, aplicación y norma en la ficha técnica.","<p>Cable encauchetado con 6 x 14 AWG y conductores de cobre. Confirma chaqueta, tensión, temperatura, aplicación y norma en la ficha técnica.</p><p>La ficha técnica del fabricante es la fuente final para confirmar las condiciones de selección e instalación.</p>",Cables especiales,Cable encauchetado,,configuración: 6 x 14 AWG; conductor indicado: cobre,"SKU o referencia del fabricante; marca; ficha técnica y norma aplicable; tipo de chaqueta; tensión, temperatura y aplicación confirmadas en ficha",no_coincidencia_exacta,pendiente_verificacion,pendiente_permiso,https://cablescolombia.com/producto/cable-encauchetado-6x14-awg-cu,https://multimedia02.s3.us-east-2.amazonaws.com/Produccion/tiendas/127/productos/79729/1330bb5e8984d089.webp,referencia fabricante; marca; ficha técnica; validación de especificaciones; permiso de imagen
SRT-ENCAU-6x12AWG-CU,,Cable Encauchetado 6X12 AWG CU,"Cable encauchetado 6 x 12 AWG, cobre","Cable encauchetado con 6 x 12 AWG y conductores de cobre. Confirma chaqueta, tensión, temperatura, aplicación y norma en la ficha técnica.","<p>Cable encauchetado con 6 x 12 AWG y conductores de cobre. Confirma chaqueta, tensión, temperatura, aplicación y norma en la ficha técnica.</p><p>La ficha técnica del fabricante es la fuente final para confirmar las condiciones de selección e instalación.</p>",Cables especiales,Cable encauchetado,,configuración: 6 x 12 AWG; conductor indicado: cobre,"SKU o referencia del fabricante; marca; ficha técnica y norma aplicable; tipo de chaqueta; tensión, temperatura y aplicación confirmadas en ficha",no_coincidencia_exacta,pendiente_verificacion,pendiente_permiso,https://cablescolombia.com/producto/cable-encauchetado-6x12-awg-cu,https://multimedia02.s3.us-east-2.amazonaws.com/Produccion/tiendas/127/productos/79730/7ce0417c277d24d9.webp,referencia fabricante; marca; ficha técnica; validación de especificaciones; permiso de imagen
SRT-ENCAU-5x8AWG-CU,,Cable Encauchetado 5X8 AWG Cu,"Cable encauchetado 5 x 8 AWG, cobre","Cable encauchetado con 5 x 8 AWG y conductores de cobre. Confirma chaqueta, tensión, temperatura, aplicación y norma en la ficha técnica.","<p>Cable encauchetado con 5 x 8 AWG y conductores de cobre. Confirma chaqueta, tensión, temperatura, aplicación y norma en la ficha técnica.</p><p>La ficha técnica del fabricante es la fuente final para confirmar las condiciones de selección e instalación.</p>",Cables especiales,Cable encauchetado,,configuración: 5 x 8 AWG; conductor indicado: cobre,"SKU o referencia del fabricante; marca; ficha técnica y norma aplicable; tipo de chaqueta; tensión, temperatura y aplicación confirmadas en ficha",no_coincidencia_exacta,pendiente_verificacion,pendiente_permiso,https://cablescolombia.com/producto/cable-encauchetado-5x8-awg-cu,https://multimedia02.s3.us-east-2.amazonaws.com/Produccion/tiendas/127/productos/79731/572f53e7c92610ea.webp,referencia fabricante; marca; ficha técnica; validación de especificaciones; permiso de imagen
SRT-ENCAU-5x18AWG-CU,CBE-10034980,Cable Encauchetado 5X18 AWG Cu,"Cable encauchetado 5 x 18 AWG, cobre","Cable encauchetado con 5 x 18 AWG y conductores de cobre. Confirma chaqueta, tensión, temperatura, aplicación y norma en la ficha técnica.","<p>Cable encauchetado con 5 x 18 AWG y conductores de cobre. Confirma chaqueta, tensión, temperatura, aplicación y norma en la ficha técnica.</p><p>La ficha técnica del fabricante es la fuente final para confirmar las condiciones de selección e instalación.</p>",Cables especiales,Cable encauchetado,,configuración: 5 x 18 AWG; conductor indicado: cobre,"SKU o referencia del fabricante; marca; ficha técnica y norma aplicable; tipo de chaqueta; tensión, temperatura y aplicación confirmadas en ficha",no_coincidencia_exacta,pendiente_verificacion,pendiente_permiso,https://cablescolombia.com/producto/cable-encauchetado-5x18-awg-cu,https://multimedia02.s3.us-east-2.amazonaws.com/Produccion/tiendas/127/productos/79732/35dff716858e08fb.webp,referencia fabricante; marca; ficha técnica; validación de especificaciones; permiso de imagen
SRT-ENCAU-5x16AWG-CU,,Cable Encauchetado 5X16 AWG Cu,"Cable encauchetado 5 x 16 AWG, cobre","Cable encauchetado con 5 x 16 AWG y conductores de cobre. Confirma chaqueta, tensión, temperatura, aplicación y norma en la ficha técnica.","<p>Cable encauchetado con 5 x 16 AWG y conductores de cobre. Confirma chaqueta, tensión, temperatura, aplicación y norma en la ficha técnica.</p><p>La ficha técnica del fabricante es la fuente final para confirmar las condiciones de selección e instalación.</p>",Cables especiales,Cable encauchetado,,configuración: 5 x 16 AWG; conductor indicado: cobre,"SKU o referencia del fabricante; marca; ficha técnica y norma aplicable; tipo de chaqueta; tensión, temperatura y aplicación confirmadas en ficha",no_coincidencia_exacta,pendiente_verificacion,pendiente_permiso,https://cablescolombia.com/producto/cable-encauchetado-5x16-awg-cu,https://multimedia02.s3.us-east-2.amazonaws.com/Produccion/tiendas/127/productos/79733/fb58bcc8960ef284.webp,referencia fabricante; marca; ficha técnica; validación de especificaciones; permiso de imagen
SRT-ENCAU-5x14AWG-CU,,Cable Encauchetado 5X14 AWG Cu,"Cable encauchetado 5 x 14 AWG, cobre","Cable encauchetado con 5 x 14 AWG y conductores de cobre. Confirma chaqueta, tensión, temperatura, aplicación y norma en la ficha técnica.","<p>Cable encauchetado con 5 x 14 AWG y conductores de cobre. Confirma chaqueta, tensión, temperatura, aplicación y norma en la ficha técnica.</p><p>La ficha técnica del fabricante es la fuente final para confirmar las condiciones de selección e instalación.</p>",Cables especiales,Cable encauchetado,,configuración: 5 x 14 AWG; conductor indicado: cobre,"SKU o referencia del fabricante; marca; ficha técnica y norma aplicable; tipo de chaqueta; tensión, temperatura y aplicación confirmadas en ficha",no_coincidencia_exacta,pendiente_verificacion,pendiente_permiso,https://cablescolombia.com/producto/cable-encauchetado-5x14-awg-cu,https://multimedia02.s3.us-east-2.amazonaws.com/Produccion/tiendas/127/productos/79734/4e2582b6e6661735.webp,referencia fabricante; marca; ficha técnica; validación de especificaciones; permiso de imagen
SRT-ENCAU-5x12AWG-CU,,Cable Encauchetado 5X12 AWG Cu,"Cable encauchetado 5 x 12 AWG, cobre","Cable encauchetado con 5 x 12 AWG y conductores de cobre. Confirma chaqueta, tensión, temperatura, aplicación y norma en la ficha técnica.","<p>Cable encauchetado con 5 x 12 AWG y conductores de cobre. Confirma chaqueta, tensión, temperatura, aplicación y norma en la ficha técnica.</p><p>La ficha técnica del fabricante es la fuente final para confirmar las condiciones de selección e instalación.</p>",Cables especiales,Cable encauchetado,,configuración: 5 x 12 AWG; conductor indicado: cobre,"SKU o referencia del fabricante; marca; ficha técnica y norma aplicable; tipo de chaqueta; tensión, temperatura y aplicación confirmadas en ficha",no_coincidencia_exacta,pendiente_verificacion,pendiente_permiso,https://cablescolombia.com/producto/cable-encauchetado-5x12-awg-cu,https://multimedia02.s3.us-east-2.amazonaws.com/Produccion/tiendas/127/productos/79735/7bcdcf4fa13c66ef.webp,referencia fabricante; marca; ficha técnica; validación de especificaciones; permiso de imagen
SRT-ENCAU-5x10AWG-CU,,Cable Encauchetado 5X10 AWG Cu,"Cable encauchetado 5 x 10 AWG, cobre","Cable encauchetado con 5 x 10 AWG y conductores de cobre. Confirma chaqueta, tensión, temperatura, aplicación y norma en la ficha técnica.","<p>Cable encauchetado con 5 x 10 AWG y conductores de cobre. Confirma chaqueta, tensión, temperatura, aplicación y norma en la ficha técnica.</p><p>La ficha técnica del fabricante es la fuente final para confirmar las condiciones de selección e instalación.</p>",Cables especiales,Cable encauchetado,,configuración: 5 x 10 AWG; conductor indicado: cobre,"SKU o referencia del fabricante; marca; ficha técnica y norma aplicable; tipo de chaqueta; tensión, temperatura y aplicación confirmadas en ficha",no_coincidencia_exacta,pendiente_verificacion,pendiente_permiso,https://cablescolombia.com/producto/cable-encauchetado-5x10-awg-cu,https://multimedia02.s3.us-east-2.amazonaws.com/Produccion/tiendas/127/productos/79736/2b599f270b61de23.webp,referencia fabricante; marca; ficha técnica; validación de especificaciones; permiso de imagen
SRT-ENCAU-2x8-CU,,Cable Encauchetado 2X8 Cu,"Cable encauchetado 2 x 8, cobre","Cable encauchetado con 2 x 8 y conductores de cobre. Confirma chaqueta, tensión, temperatura, aplicación y norma en la ficha técnica.","<p>Cable encauchetado con 2 x 8 y conductores de cobre. Confirma chaqueta, tensión, temperatura, aplicación y norma en la ficha técnica.</p><p>La ficha técnica del fabricante es la fuente final para confirmar las condiciones de selección e instalación.</p>",Cables especiales,Cable encauchetado,,configuración: 2 x 8; conductor indicado: cobre,"SKU o referencia del fabricante; marca; ficha técnica y norma aplicable; tipo de chaqueta; tensión, temperatura y aplicación confirmadas en ficha",no_coincidencia_exacta,pendiente_verificacion,pendiente_permiso,https://cablescolombia.com/producto/cable-encauchetado-2x8-cu,https://multimedia02.s3.us-east-2.amazonaws.com/Produccion/tiendas/127/productos/511/04102b3bce48c0b4.webp,referencia fabricante; marca; ficha técnica; validación de especificaciones; permiso de imagen
SRT-ENCAU-2x10-CU,,Cable Encauchetado 2X10 Cu,"Cable encauchetado 2 x 10, cobre","Cable encauchetado con 2 x 10 y conductores de cobre. Confirma chaqueta, tensión, temperatura, aplicación y norma en la ficha técnica.","<p>Cable encauchetado con 2 x 10 y conductores de cobre. Confirma chaqueta, tensión, temperatura, aplicación y norma en la ficha técnica.</p><p>La ficha técnica del fabricante es la fuente final para confirmar las condiciones de selección e instalación.</p>",Cables especiales,Cable encauchetado,,configuración: 2 x 10; conductor indicado: cobre,"SKU o referencia del fabricante; marca; ficha técnica y norma aplicable; tipo de chaqueta; tensión, temperatura y aplicación confirmadas en ficha",no_coincidencia_exacta,pendiente_verificacion,pendiente_permiso,https://cablescolombia.com/producto/cable-encauchetado-2x10-cu,https://multimedia02.s3.us-east-2.amazonaws.com/Produccion/tiendas/127/productos/513/5b16303ef4b8afa1.webp,referencia fabricante; marca; ficha técnica; validación de especificaciones; permiso de imagen
SRT-ENCAU-2x12-CU,,Cable Encauchetado 2X12 Cu,"Cable encauchetado 2 x 12, cobre","Cable encauchetado con 2 x 12 y conductores de cobre. Confirma chaqueta, tensión, temperatura, aplicación y norma en la ficha técnica.","<p>Cable encauchetado con 2 x 12 y conductores de cobre. Confirma chaqueta, tensión, temperatura, aplicación y norma en la ficha técnica.</p><p>La ficha técnica del fabricante es la fuente final para confirmar las condiciones de selección e instalación.</p>",Cables especiales,Cable encauchetado,,configuración: 2 x 12; conductor indicado: cobre,"SKU o referencia del fabricante; marca; ficha técnica y norma aplicable; tipo de chaqueta; tensión, temperatura y aplicación confirmadas en ficha",no_coincidencia_exacta,pendiente_verificacion,pendiente_permiso,https://cablescolombia.com/producto/cable-encauchetado-2x12-cu,https://multimedia02.s3.us-east-2.amazonaws.com/Produccion/tiendas/127/productos/514/49188e27e09fed39.webp,referencia fabricante; marca; ficha técnica; validación de especificaciones; permiso de imagen
SRT-ENCAU-2x14-CU,,Cable Encauchetado 2X14 Cu,"Cable encauchetado 2 x 14, cobre","Cable encauchetado con 2 x 14 y conductores de cobre. Confirma chaqueta, tensión, temperatura, aplicación y norma en la ficha técnica.","<p>Cable encauchetado con 2 x 14 y conductores de cobre. Confirma chaqueta, tensión, temperatura, aplicación y norma en la ficha técnica.</p><p>La ficha técnica del fabricante es la fuente final para confirmar las condiciones de selección e instalación.</p>",Cables especiales,Cable encauchetado,,configuración: 2 x 14; conductor indicado: cobre,"SKU o referencia del fabricante; marca; ficha técnica y norma aplicable; tipo de chaqueta; tensión, temperatura y aplicación confirmadas en ficha",no_coincidencia_exacta,pendiente_verificacion,pendiente_permiso,https://cablescolombia.com/producto/cable-encauchetado-2x14-cu,https://multimedia02.s3.us-east-2.amazonaws.com/Produccion/tiendas/127/productos/515/d20ceb1beb236bd6.webp,referencia fabricante; marca; ficha técnica; validación de especificaciones; permiso de imagen
SRT-ENCAU-2x16-CU,,Cable Encauchetado 2X16 Cu,"Cable encauchetado 2 x 16, cobre","Cable encauchetado con 2 x 16 y conductores de cobre. Confirma chaqueta, tensión, temperatura, aplicación y norma en la ficha técnica.","<p>Cable encauchetado con 2 x 16 y conductores de cobre. Confirma chaqueta, tensión, temperatura, aplicación y norma en la ficha técnica.</p><p>La ficha técnica del fabricante es la fuente final para confirmar las condiciones de selección e instalación.</p>",Cables especiales,Cable encauchetado,,configuración: 2 x 16; conductor indicado: cobre,"SKU o referencia del fabricante; marca; ficha técnica y norma aplicable; tipo de chaqueta; tensión, temperatura y aplicación confirmadas en ficha",no_coincidencia_exacta,pendiente_verificacion,pendiente_permiso,https://cablescolombia.com/producto/cable-encauchetado-2x16-cu,https://multimedia02.s3.us-east-2.amazonaws.com/Produccion/tiendas/127/productos/517/f3594ae1c34bc65f.webp,referencia fabricante; marca; ficha técnica; validación de especificaciones; permiso de imagen
SRT-ENCAU-2x18-CU,,Cable Encauchetado 2X18 Cu,"Cable encauchetado 2 x 18, cobre","Cable encauchetado con 2 x 18 y conductores de cobre. Confirma chaqueta, tensión, temperatura, aplicación y norma en la ficha técnica.","<p>Cable encauchetado con 2 x 18 y conductores de cobre. Confirma chaqueta, tensión, temperatura, aplicación y norma en la ficha técnica.</p><p>La ficha técnica del fabricante es la fuente final para confirmar las condiciones de selección e instalación.</p>",Cables especiales,Cable encauchetado,,configuración: 2 x 18; conductor indicado: cobre,"SKU o referencia del fabricante; marca; ficha técnica y norma aplicable; tipo de chaqueta; tensión, temperatura y aplicación confirmadas en ficha",no_coincidencia_exacta,pendiente_verificacion,pendiente_permiso,https://cablescolombia.com/producto/cable-encauchetado-2x18-cu,https://multimedia02.s3.us-east-2.amazonaws.com/Produccion/tiendas/127/productos/518/dfd8299ae51131bc.webp,referencia fabricante; marca; ficha técnica; validación de especificaciones; permiso de imagen
SRT-ENCAU-3x8-CU,CBE-10034818,Cable Encauchetado 3X8 Cu,"Cable encauchetado 3 x 8, cobre","Cable encauchetado con 3 x 8 y conductores de cobre. Confirma chaqueta, tensión, temperatura, aplicación y norma en la ficha técnica.","<p>Cable encauchetado con 3 x 8 y conductores de cobre. Confirma chaqueta, tensión, temperatura, aplicación y norma en la ficha técnica.</p><p>La ficha técnica del fabricante es la fuente final para confirmar las condiciones de selección e instalación.</p>",Cables especiales,Cable encauchetado,,configuración: 3 x 8; conductor indicado: cobre,"SKU o referencia del fabricante; marca; ficha técnica y norma aplicable; tipo de chaqueta; tensión, temperatura y aplicación confirmadas en ficha",no_coincidencia_exacta,pendiente_verificacion,pendiente_permiso,https://cablescolombia.com/producto/cable-encauchetado-3x8-cu,https://multimedia02.s3.us-east-2.amazonaws.com/Produccion/tiendas/127/productos/523/72fa3b142c2a2681.webp,referencia fabricante; marca; ficha técnica; validación de especificaciones; permiso de imagen
SRT-ALAMBRE-12-AMARILLO-ROLLO,,Alambre Aislado N12 Amarillo X Rollo,"Alambre eléctrico 12 AWG, amarillo, por rollo","Alambre eléctrico calibre 12 AWG en color amarillo, con venta indicada por rollo. Confirma aislamiento, norma, tensión y capacidad en la ficha técnica.","<p>Alambre eléctrico calibre 12 AWG en color amarillo, con venta indicada por rollo. Confirma aislamiento, norma, tensión y capacidad en la ficha técnica.</p><p>La ficha técnica del fabricante es la fuente final para confirmar las condiciones de selección e instalación.</p>",Cable THHN / THWN-2,,rollo,configuración: 12 AWG; color: amarillo; unidad indicada: rollo,SKU o referencia del fabricante; marca; ficha técnica y norma aplicable; tipo exacto de aislamiento (THHN/THWN-2 u otro); capacidad de corriente; norma y tensión nominal,no_coincidencia_exacta,pendiente_verificacion,pendiente_permiso,https://cablescolombia.com/producto/alambre-aislado-n12-amarillo-x-rollo,https://multimedia02.s3.us-east-2.amazonaws.com/Produccion/tiendas/127/productos/79717/47fb236c4203dea8.webp,referencia fabricante; marca; ficha técnica; validación de especificaciones; permiso de imagen
SRT-ALAMBRE-12-AZUL-ROLLO,,Alambre Aislado N12 Azul X Rollo,"Alambre eléctrico 12 AWG, azul, por rollo","Alambre eléctrico calibre 12 AWG en color azul, con venta indicada por rollo. Confirma aislamiento, norma, tensión y capacidad en la ficha técnica.","<p>Alambre eléctrico calibre 12 AWG en color azul, con venta indicada por rollo. Confirma aislamiento, norma, tensión y capacidad en la ficha técnica.</p><p>La ficha técnica del fabricante es la fuente final para confirmar las condiciones de selección e instalación.</p>",Cable THHN / THWN-2,,rollo,configuración: 12 AWG; color: azul; unidad indicada: rollo,SKU o referencia del fabricante; marca; ficha técnica y norma aplicable; tipo exacto de aislamiento (THHN/THWN-2 u otro); capacidad de corriente; norma y tensión nominal,no_coincidencia_exacta,pendiente_verificacion,pendiente_permiso,https://cablescolombia.com/producto/alambre-aislado-n12-azul-x-rollo,https://multimedia02.s3.us-east-2.amazonaws.com/Produccion/tiendas/127/productos/79718/5fdeb86f762932ce.webp,referencia fabricante; marca; ficha técnica; validación de especificaciones; permiso de imagen
SRT-ALAMBRE-12-BLANCO-ROLLO,,Alambre Aislado N12 Blanco X Rollo,"Alambre eléctrico 12 AWG, blanco, por rollo","Alambre eléctrico calibre 12 AWG en color blanco, con venta indicada por rollo. Confirma aislamiento, norma, tensión y capacidad en la ficha técnica.","<p>Alambre eléctrico calibre 12 AWG en color blanco, con venta indicada por rollo. Confirma aislamiento, norma, tensión y capacidad en la ficha técnica.</p><p>La ficha técnica del fabricante es la fuente final para confirmar las condiciones de selección e instalación.</p>",Cable THHN / THWN-2,,rollo,configuración: 12 AWG; color: blanco; unidad indicada: rollo,SKU o referencia del fabricante; marca; ficha técnica y norma aplicable; tipo exacto de aislamiento (THHN/THWN-2 u otro); capacidad de corriente; norma y tensión nominal,no_coincidencia_exacta,pendiente_verificacion,pendiente_permiso,https://cablescolombia.com/producto/alambre-aislado-n12-blanco-x-rollo,https://multimedia02.s3.us-east-2.amazonaws.com/Produccion/tiendas/127/productos/79719/9f830ade3caf2956.webp,referencia fabricante; marca; ficha técnica; validación de especificaciones; permiso de imagen
SRT-ALAMBRE-12-NEGRO-ROLLO,,Alambre Aislado N12 Negro X Rollo,"Alambre eléctrico 12 AWG, negro, por rollo","Alambre eléctrico calibre 12 AWG en color negro, con venta indicada por rollo. Confirma aislamiento, norma, tensión y capacidad en la ficha técnica.","<p>Alambre eléctrico calibre 12 AWG en color negro, con venta indicada por rollo. Confirma aislamiento, norma, tensión y capacidad en la ficha técnica.</p><p>La ficha técnica del fabricante es la fuente final para confirmar las condiciones de selección e instalación.</p>",Cable THHN / THWN-2,,rollo,configuración: 12 AWG; color: negro; unidad indicada: rollo,SKU o referencia del fabricante; marca; ficha técnica y norma aplicable; tipo exacto de aislamiento (THHN/THWN-2 u otro); capacidad de corriente; norma y tensión nominal,no_coincidencia_exacta,pendiente_verificacion,pendiente_permiso,https://cablescolombia.com/producto/alambre-aislado-n12-negro-x-rollo,https://multimedia02.s3.us-east-2.amazonaws.com/Produccion/tiendas/127/productos/79720/a2461a049e2a385e.webp,referencia fabricante; marca; ficha técnica; validación de especificaciones; permiso de imagen
SRT-ALAMBRE-12-ROJO-ROLLO,,Alambre Aislado N12 Rojo X Rollo,"Alambre eléctrico 12 AWG, rojo, por rollo","Alambre eléctrico calibre 12 AWG en color rojo, con venta indicada por rollo. Confirma aislamiento, norma, tensión y capacidad en la ficha técnica.","<p>Alambre eléctrico calibre 12 AWG en color rojo, con venta indicada por rollo. Confirma aislamiento, norma, tensión y capacidad en la ficha técnica.</p><p>La ficha técnica del fabricante es la fuente final para confirmar las condiciones de selección e instalación.</p>",Cable THHN / THWN-2,,rollo,configuración: 12 AWG; color: rojo; unidad indicada: rollo,SKU o referencia del fabricante; marca; ficha técnica y norma aplicable; tipo exacto de aislamiento (THHN/THWN-2 u otro); capacidad de corriente; norma y tensión nominal,no_coincidencia_exacta,pendiente_verificacion,pendiente_permiso,https://cablescolombia.com/producto/alambre-aislado-n12-rojo-x-rollo,https://multimedia02.s3.us-east-2.amazonaws.com/Produccion/tiendas/127/productos/79721/aee67ab04303227a.webp,referencia fabricante; marca; ficha técnica; validación de especificaciones; permiso de imagen
SRT-ALAMBRE-12-VERDE-ROLLO,,Alambre Aislado N12 Verde X Rollo,"Alambre eléctrico 12 AWG, verde, por rollo","Alambre eléctrico calibre 12 AWG en color verde, con venta indicada por rollo. Confirma aislamiento, norma, tensión y capacidad en la ficha técnica.","<p>Alambre eléctrico calibre 12 AWG en color verde, con venta indicada por rollo. Confirma aislamiento, norma, tensión y capacidad en la ficha técnica.</p><p>La ficha técnica del fabricante es la fuente final para confirmar las condiciones de selección e instalación.</p>",Cable THHN / THWN-2,,rollo,configuración: 12 AWG; color: verde; unidad indicada: rollo,SKU o referencia del fabricante; marca; ficha técnica y norma aplicable; tipo exacto de aislamiento (THHN/THWN-2 u otro); capacidad de corriente; norma y tensión nominal,no_coincidencia_exacta,pendiente_verificacion,pendiente_permiso,https://cablescolombia.com/producto/alambre-aislado-n12-verde-x-rollo,https://multimedia02.s3.us-east-2.amazonaws.com/Produccion/tiendas/127/productos/79722/3730e890e11db553.webp,referencia fabricante; marca; ficha técnica; validación de especificaciones; permiso de imagen
SRT-ALAMBRE-14-AMARILLO-METRO,10011483-AM,Alambre Aislado N14 Amarillo X Metro,"Alambre eléctrico 14 AWG, amarillo, por metro","Alambre eléctrico calibre 14 AWG en color amarillo, con venta indicada por metro. Confirma aislamiento, norma, tensión y capacidad en la ficha técnica.","<p>Alambre eléctrico calibre 14 AWG en color amarillo, con venta indicada por metro. Confirma aislamiento, norma, tensión y capacidad en la ficha técnica.</p><p>La ficha técnica del fabricante es la fuente final para confirmar las condiciones de selección e instalación.</p>",Cable THHN / THWN-2,,metro,configuración: 14 AWG; color: amarillo; unidad indicada: metro,SKU o referencia del fabricante; marca; ficha técnica y norma aplicable; tipo exacto de aislamiento (THHN/THWN-2 u otro); capacidad de corriente; norma y tensión nominal,no_coincidencia_exacta,pendiente_verificacion,pendiente_permiso,https://cablescolombia.com/producto/alambre-aislado-n14-amarillo-x-metro,https://multimedia02.s3.us-east-2.amazonaws.com/Produccion/tiendas/127/productos/378/3e73669878de5b2b.webp,referencia fabricante; marca; ficha técnica; validación de especificaciones; permiso de imagen
SRT-ALAMBRE-14-AZUL-METRO,,Alambre Aislado N14 Azul X Metro,"Alambre eléctrico 14 AWG, azul, por metro","Alambre eléctrico calibre 14 AWG en color azul, con venta indicada por metro. Confirma aislamiento, norma, tensión y capacidad en la ficha técnica.","<p>Alambre eléctrico calibre 14 AWG en color azul, con venta indicada por metro. Confirma aislamiento, norma, tensión y capacidad en la ficha técnica.</p><p>La ficha técnica del fabricante es la fuente final para confirmar las condiciones de selección e instalación.</p>",Cable THHN / THWN-2,,metro,configuración: 14 AWG; color: azul; unidad indicada: metro,SKU o referencia del fabricante; marca; ficha técnica y norma aplicable; tipo exacto de aislamiento (THHN/THWN-2 u otro); capacidad de corriente; norma y tensión nominal,no_coincidencia_exacta,pendiente_verificacion,pendiente_permiso,https://cablescolombia.com/producto/alambre-aislado-n14-azul-x-metro,https://multimedia02.s3.us-east-2.amazonaws.com/Produccion/tiendas/127/productos/383/47a60dfd87ffb0cc.webp,referencia fabricante; marca; ficha técnica; validación de especificaciones; permiso de imagen
SRT-ALAMBRE-14-BLANCO-METRO,,Alambre Aislado N14 Blanco X Metro,"Alambre eléctrico 14 AWG, blanco, por metro","Alambre eléctrico calibre 14 AWG en color blanco, con venta indicada por metro. Confirma aislamiento, norma, tensión y capacidad en la ficha técnica.","<p>Alambre eléctrico calibre 14 AWG en color blanco, con venta indicada por metro. Confirma aislamiento, norma, tensión y capacidad en la ficha técnica.</p><p>La ficha técnica del fabricante es la fuente final para confirmar las condiciones de selección e instalación.</p>",Cable THHN / THWN-2,,metro,configuración: 14 AWG; color: blanco; unidad indicada: metro,SKU o referencia del fabricante; marca; ficha técnica y norma aplicable; tipo exacto de aislamiento (THHN/THWN-2 u otro); capacidad de corriente; norma y tensión nominal,no_coincidencia_exacta,pendiente_verificacion,pendiente_permiso,https://cablescolombia.com/producto/alambre-aislado-n14-blanco-x-metro,https://multimedia02.s3.us-east-2.amazonaws.com/Produccion/tiendas/127/productos/388/c82c0e2e4681c142.webp,referencia fabricante; marca; ficha técnica; validación de especificaciones; permiso de imagen
SRT-ALAMBRE-14-ROJO-METRO,,Alambre Aislado N14 Rojo X Metro,"Alambre eléctrico 14 AWG, rojo, por metro","Alambre eléctrico calibre 14 AWG en color rojo, con venta indicada por metro. Confirma aislamiento, norma, tensión y capacidad en la ficha técnica.","<p>Alambre eléctrico calibre 14 AWG en color rojo, con venta indicada por metro. Confirma aislamiento, norma, tensión y capacidad en la ficha técnica.</p><p>La ficha técnica del fabricante es la fuente final para confirmar las condiciones de selección e instalación.</p>",Cable THHN / THWN-2,,metro,configuración: 14 AWG; color: rojo; unidad indicada: metro,SKU o referencia del fabricante; marca; ficha técnica y norma aplicable; tipo exacto de aislamiento (THHN/THWN-2 u otro); capacidad de corriente; norma y tensión nominal,no_coincidencia_exacta,pendiente_verificacion,pendiente_permiso,https://cablescolombia.com/producto/alambre-aislado-n14-rojo-x-metro,https://multimedia02.s3.us-east-2.amazonaws.com/Produccion/tiendas/127/productos/395/35b82b549dbf89e3.webp,referencia fabricante; marca; ficha técnica; validación de especificaciones; permiso de imagen
SRT-ALAMBRE-14-NEGRO-METRO,10011483-NG,Alambre Aislado N14 Negro X Metro,"Alambre eléctrico 14 AWG, negro, por metro","Alambre eléctrico calibre 14 AWG en color negro, con venta indicada por metro. Confirma aislamiento, norma, tensión y capacidad en la ficha técnica.","<p>Alambre eléctrico calibre 14 AWG en color negro, con venta indicada por metro. Confirma aislamiento, norma, tensión y capacidad en la ficha técnica.</p><p>La ficha técnica del fabricante es la fuente final para confirmar las condiciones de selección e instalación.</p>",Cable THHN / THWN-2,,metro,configuración: 14 AWG; color: negro; unidad indicada: metro,SKU o referencia del fabricante; marca; ficha técnica y norma aplicable; tipo exacto de aislamiento (THHN/THWN-2 u otro); capacidad de corriente; norma y tensión nominal,no_coincidencia_exacta,pendiente_verificacion,pendiente_permiso,https://cablescolombia.com/producto/alambre-aislado-n14-negro-x-metro,https://multimedia02.s3.us-east-2.amazonaws.com/Produccion/tiendas/127/productos/399/9697d7ee4436b0d2.webp,referencia fabricante; marca; ficha técnica; validación de especificaciones; permiso de imagen
SRT-ALAMBRE-14-VERDE-METRO,,Alambre Aislado N14 Verde X Metro,"Alambre eléctrico 14 AWG, verde, por metro","Alambre eléctrico calibre 14 AWG en color verde, con venta indicada por metro. Confirma aislamiento, norma, tensión y capacidad en la ficha técnica.","<p>Alambre eléctrico calibre 14 AWG en color verde, con venta indicada por metro. Confirma aislamiento, norma, tensión y capacidad en la ficha técnica.</p><p>La ficha técnica del fabricante es la fuente final para confirmar las condiciones de selección e instalación.</p>",Cable THHN / THWN-2,,metro,configuración: 14 AWG; color: verde; unidad indicada: metro,SKU o referencia del fabricante; marca; ficha técnica y norma aplicable; tipo exacto de aislamiento (THHN/THWN-2 u otro); capacidad de corriente; norma y tensión nominal,no_coincidencia_exacta,pendiente_verificacion,pendiente_permiso,https://cablescolombia.com/producto/alambre-aislado-n14-verde-x-metro,https://multimedia02.s3.us-east-2.amazonaws.com/Produccion/tiendas/127/productos/401/121406621317cfe8.webp,referencia fabricante; marca; ficha técnica; validación de especificaciones; permiso de imagen
SRT-ALAMBRE-12-AMARILLO-METRO,,Alambre Aislado N12 Amarillo X Metro,"Alambre eléctrico 12 AWG, amarillo, por metro","Alambre eléctrico calibre 12 AWG en color amarillo, con venta indicada por metro. Confirma aislamiento, norma, tensión y capacidad en la ficha técnica.","<p>Alambre eléctrico calibre 12 AWG en color amarillo, con venta indicada por metro. Confirma aislamiento, norma, tensión y capacidad en la ficha técnica.</p><p>La ficha técnica del fabricante es la fuente final para confirmar las condiciones de selección e instalación.</p>",Cable THHN / THWN-2,,metro,configuración: 12 AWG; color: amarillo; unidad indicada: metro,SKU o referencia del fabricante; marca; ficha técnica y norma aplicable; tipo exacto de aislamiento (THHN/THWN-2 u otro); capacidad de corriente; norma y tensión nominal,no_coincidencia_exacta,pendiente_verificacion,pendiente_permiso,https://cablescolombia.com/producto/alambre-aislado-n12-amarillo-x-metro,https://multimedia02.s3.us-east-2.amazonaws.com/Produccion/tiendas/127/productos/403/d9de507c1ffe683a.webp,referencia fabricante; marca; ficha técnica; validación de especificaciones; permiso de imagen
SRT-ALAMBRE-12-AZUL-METRO,,Alambre Aislado N12 Azul X Metro,"Alambre eléctrico 12 AWG, azul, por metro","Alambre eléctrico calibre 12 AWG en color azul, con venta indicada por metro. Confirma aislamiento, norma, tensión y capacidad en la ficha técnica.","<p>Alambre eléctrico calibre 12 AWG en color azul, con venta indicada por metro. Confirma aislamiento, norma, tensión y capacidad en la ficha técnica.</p><p>La ficha técnica del fabricante es la fuente final para confirmar las condiciones de selección e instalación.</p>",Cable THHN / THWN-2,,metro,configuración: 12 AWG; color: azul; unidad indicada: metro,SKU o referencia del fabricante; marca; ficha técnica y norma aplicable; tipo exacto de aislamiento (THHN/THWN-2 u otro); capacidad de corriente; norma y tensión nominal,no_coincidencia_exacta,pendiente_verificacion,pendiente_permiso,https://cablescolombia.com/producto/alambre-aislado-n12-azul-x-metro,https://multimedia02.s3.us-east-2.amazonaws.com/Produccion/tiendas/127/productos/404/de74dbaab503583e.webp,referencia fabricante; marca; ficha técnica; validación de especificaciones; permiso de imagen
SRT-ALAMBRE-12-BLANCO-METRO,,Alambre Aislado N12 Blanco X Metro,"Alambre eléctrico 12 AWG, blanco, por metro","Alambre eléctrico calibre 12 AWG en color blanco, con venta indicada por metro. Confirma aislamiento, norma, tensión y capacidad en la ficha técnica.","<p>Alambre eléctrico calibre 12 AWG en color blanco, con venta indicada por metro. Confirma aislamiento, norma, tensión y capacidad en la ficha técnica.</p><p>La ficha técnica del fabricante es la fuente final para confirmar las condiciones de selección e instalación.</p>",Cable THHN / THWN-2,,metro,configuración: 12 AWG; color: blanco; unidad indicada: metro,SKU o referencia del fabricante; marca; ficha técnica y norma aplicable; tipo exacto de aislamiento (THHN/THWN-2 u otro); capacidad de corriente; norma y tensión nominal,no_coincidencia_exacta,pendiente_verificacion,pendiente_permiso,https://cablescolombia.com/producto/alambre-aislado-n12-blanco-x-metro,https://multimedia02.s3.us-east-2.amazonaws.com/Produccion/tiendas/127/productos/405/13b435c1fdac41f7.webp,referencia fabricante; marca; ficha técnica; validación de especificaciones; permiso de imagen
SRT-ALAMBRE-12-NEGRO-METRO,,Alambre Aislado N12 Negro X Metro,"Alambre eléctrico 12 AWG, negro, por metro","Alambre eléctrico calibre 12 AWG en color negro, con venta indicada por metro. Confirma aislamiento, norma, tensión y capacidad en la ficha técnica.","<p>Alambre eléctrico calibre 12 AWG en color negro, con venta indicada por metro. Confirma aislamiento, norma, tensión y capacidad en la ficha técnica.</p><p>La ficha técnica del fabricante es la fuente final para confirmar las condiciones de selección e instalación.</p>",Cable THHN / THWN-2,,metro,configuración: 12 AWG; color: negro; unidad indicada: metro,SKU o referencia del fabricante; marca; ficha técnica y norma aplicable; tipo exacto de aislamiento (THHN/THWN-2 u otro); capacidad de corriente; norma y tensión nominal,no_coincidencia_exacta,pendiente_verificacion,pendiente_permiso,https://cablescolombia.com/producto/alambre-aislado-n12-negro-x-metro,https://multimedia02.s3.us-east-2.amazonaws.com/Produccion/tiendas/127/productos/414/a2a95401cdffbf4a.webp,referencia fabricante; marca; ficha técnica; validación de especificaciones; permiso de imagen
SRT-ALAMBRE-12-ROJO-METRO,ALMAISROJ-12,Alambre Aislado N12 Rojo X Metro,"Alambre eléctrico 12 AWG, rojo, por metro","Alambre eléctrico calibre 12 AWG en color rojo, con venta indicada por metro. Confirma aislamiento, norma, tensión y capacidad en la ficha técnica.","<p>Alambre eléctrico calibre 12 AWG en color rojo, con venta indicada por metro. Confirma aislamiento, norma, tensión y capacidad en la ficha técnica.</p><p>La ficha técnica del fabricante es la fuente final para confirmar las condiciones de selección e instalación.</p>",Cable THHN / THWN-2,,metro,configuración: 12 AWG; color: rojo; unidad indicada: metro,SKU o referencia del fabricante; marca; ficha técnica y norma aplicable; tipo exacto de aislamiento (THHN/THWN-2 u otro); capacidad de corriente; norma y tensión nominal,no_coincidencia_exacta,pendiente_verificacion,pendiente_permiso,https://cablescolombia.com/producto/alambre-aislado-n12-rojo-x-metro,https://multimedia02.s3.us-east-2.amazonaws.com/Produccion/tiendas/127/productos/416/da13fc335c6c9fb0.webp,referencia fabricante; marca; ficha técnica; validación de especificaciones; permiso de imagen
SRT-ALAMBRE-12-VERDE-METRO,,Alambre Aislado N12 Verde X Metro,"Alambre eléctrico 12 AWG, verde, por metro","Alambre eléctrico calibre 12 AWG en color verde, con venta indicada por metro. Confirma aislamiento, norma, tensión y capacidad en la ficha técnica.","<p>Alambre eléctrico calibre 12 AWG en color verde, con venta indicada por metro. Confirma aislamiento, norma, tensión y capacidad en la ficha técnica.</p><p>La ficha técnica del fabricante es la fuente final para confirmar las condiciones de selección e instalación.</p>",Cable THHN / THWN-2,,metro,configuración: 12 AWG; color: verde; unidad indicada: metro,SKU o referencia del fabricante; marca; ficha técnica y norma aplicable; tipo exacto de aislamiento (THHN/THWN-2 u otro); capacidad de corriente; norma y tensión nominal,no_coincidencia_exacta,pendiente_verificacion,pendiente_permiso,https://cablescolombia.com/producto/alambre-aislado-n12-verde-x-metro,https://multimedia02.s3.us-east-2.amazonaws.com/Produccion/tiendas/127/productos/417/afbc2a81d14b7287.webp,referencia fabricante; marca; ficha técnica; validación de especificaciones; permiso de imagen
