sku,post_title,has_featured_image
566-9947-500,"Belden 9947 — Cable de control 22 AWG, 15 conductores, apantallado",1
566-29502-100-10,"Belden 29502 — Cable para variador VFD 12 AWG, 4 conductores, apantallado",1
566-5500FE-500-08,"Belden 5500FE — Cable apantallado 22 AWG, 2 conductores",1
566-6504FE-500-877,"Belden 6504FE — Cable de control 22 AWG, 6 conductores, apantallado",1
566-8762MN-100-08,"Belden 8762MN — Cable de control 20 AWG, 2 conductores, apantallado",1
566-5502FE-U500-08,"Belden 5502FE — Cable de control 22 AWG, 4 conductores, apantallado",1
566-76103WS-100-08,"Belden 76103WS — Cable apantallado 26 AWG, 3 conductores",1
566-8779MN008100,"Belden 8779MN — Cable de control 22 AWG, 8 conductores, apantallado",1
566-88723-1000,"Belden 88723 — Cable de instrumentación 22 AWG, 4 conductores, apantallado",1
566-3105A-500,"Belden 3105A — Cable de instrumentación 22 AWG, 2 conductores, apantallado",1
566-5301FE-500-08,"Belden 5301FE — Cable de control 18 AWG, 3 conductores, apantallado",1
566-5502UE-U1000-08,"Belden 5502UE — Cable de control 22 AWG, 4 conductores, sin apantallar",1
566-83604-100,"Belden 83604 — Cable de control 20 AWG, 4 conductores, apantallado",1
566-7200A-500,"Belden 7200A — Cable apantallado 24 AWG, 2 conductores",1
566-19363-250,"Belden 19363 — Cable encauchetado 16 AWG, 3 conductores, apantallado",1
566-1035A-1000-10,"Belden 1035A — Cable de instrumentación 16 AWG, 2 conductores, sin apantallar",1
566-7924A-1000,"Belden 7924A — Cable de instrumentación 24 AWG, 8 conductores, sin apantallar",1
566-7929A-1000,"Belden 7929A — Cable de instrumentación 24 AWG, 8 conductores, apantallado",1
566-7932A-1000,"Belden 7932A — Cable de instrumentación 24 AWG, 4 conductores, sin apantallar",1
566-8112-100,"Belden 8112 — Cable de red 24 AWG, 25 conductores, apantallado",1
566-8408-1500-01,"Belden 8408 — Cable apantallado 16 AWG, 2 conductores",1
566-8443-U1000-60,"Belden 8443 — Cable de control 22 AWG, 3 conductores, sin apantallar",1
566-9365-500U,"Belden 9365 — Cable para bandeja 18 AWG, 3 conductores, apantallado",1
566-9463-500,"Belden 9463 — Cable de control 20 AWG, 2 conductores, apantallado",1
566-9492-U500-60,"Belden 9492 — Cable para bandeja 20 AWG, 3 conductores, sin apantallar",1
31303326000,"Cu (cobre) desnudo blando 8 AWG",1
31303259000,"Cu (cobre) desnudo blando 10 AWG",1
31303205000,"Cu (cobre) desnudo blando 12 AWG",1
31303163000,"Cu (cobre) desnudo blando 14 AWG",1
31321038000,"Cable Cu (cobre) desnudo blando 350 kcmil (B) 37H",1
31321034000,"Cable Cu (cobre) desnudo blando 250 kcmil (B) 37H",1
31319011000,"Cable Cu (cobre) desnudo blando 4/0 AWG (B) 19H",1
31321028000,"Cable Cu (cobre) desnudo blando 2/0 AWG (B) 19H",1
31321026000,"Cable Cu (cobre) desnudo blando 1/0 AWG (B) 19H",1
31321024000,"Cable Cu (cobre) desnudo blando 2 AWG (B) 7H",1
31321022000,"Cable Cu (cobre) desnudo blando 4 AWG (B) 7H",1
31321020000,"Cable Cu (cobre) desnudo blando 6 AWG (B) 7H",1
31321018000,"Cable Cu (cobre) desnudo blando 8 AWG (B) 7H",1
31321016000,"Cable Cu (cobre) desnudo blando 10 AWG (B)7H",1
31353140001,"THHN/THWN-2 8 AWG 600V 90°C",1
31353140002,"THHN/THWN-2 8 AWG Cu (cobre) 600V90°C",1
31353100001,"THHN/THWN-2 10 AWG Cu600V 90°C",1
31353080001,"THHN/THWN-2 12AWG Cu (cobre) 600V90°C",1
31353060001,"THHN/THWN-2 14AWG Cu (cobre) 600V90°C",1
31353040001,"THHN/THWN-2 16 AWG Cu (cobre) 600V90°C",1
31353020001,"THHN/THWN-2 18 AWG Cu (cobre) 600V90°C",1
31353101001,"Cable THHN/THWN-2 2&#215;10 AWG Cu (cobre) 600V 90°C",1
31353081001,"Cable THHN/THWN-2 2&#215;12 AWG Cu (cobre) 600V 90°C",1
31353061001,"Cable THHN/THWN-2 2&#215;14 AWG Cu (cobre) 600V 90°C",1
31353149901,"Cable THHN/THWN-2 8 AWG Cu (cobre) 600V 90°C 7H (XD)",1
31352605601,"THHN/THWN-2 6 AWG Cu (cobre) 600V 90° flexible",1
31352604801,"THHN/THWN-2 4 AWG Cu (cobre) 600V 90° flexible",1
31352603601,"THHN/THWN-2 2 AWG Cu (cobre) 600V 90° flexible",1
31352602801,"THHN/THWN-2 1/0 AWG Cu (cobre) 600V 90° flexible",1
31352602401,"THHN/THWN-2 2/0 AWG Cu (cobre) 600V 90° flexible",1
31352602001,"THHN/THWN-2 3/0 AWG Cu (cobre) 600V 90° flexible",1
31352601601,"THHN/THWN-2 4/0 AWG Cu (cobre) 600V 90° flexible",1
31352610201,"THHN/THWN-2 250 kcmil Cu (cobre) 600V 90° flexible",1
31352610101,"THHN/THWN-2 350 kcmil Cu (cobre) 600V 90° flexible",1
31352610102,"THHN/THWN-2 500 kcmil Cu (cobre) 600V 90° flexible",1
31354002601,"THWN-2 8 AWG Cu (J) PVC/NY 600V 90°C G&#038;OII VW-1",1
31354002605,"THWN-2 8 AWG Cu (J) PVC/NY 600V 105C G&#038;OII VW-1",1
31354001601,"TFFN 18 AWG Cu (J) PVC/NY 600V 90°C G&#038;OII VW-1",1
31354001801,"TFFN 16 AWG Cu (J) PVC/NY 600V 90°C G&#038;OII VW-1",1
31354002101,"THWN-2 10 AWG Cu (J) PVC/NY 600V 90°C G&#038;OII VW-1",1
31354002201,"THWN-2 12 AWG Cu (J) PVC/NY 600V 90°C G&#038;OII VW-1",1
31354002301,"THWN-2 14 AWG Cu (J) PVC/NY 600V 90°C G&#038;OII VW-1",1
31354002401,"THWN-2 16 AWG Cu (J) PVC/NY 600V 90°C G&#038;OII VW-1",1
31354002501,"THWN-2 18 AWG Cu (J) PVC/NY 600V 90°C G&#038;OII VW-1",1
31354003601,"THWN-2 6 AWG Cu (J) PVC/NY 600V 90°C G&#038;OII VW-1",1
31354004801,"THWN-2 4 AWG Cu (J) PVC/NY 600V 90°C G&#038;OII VW-1",1
31354004101,"THWN-2 2 AWG Cu (J) PVC/NY 600V 90°C G&#038;OII VW-1",1
31354003101,"THWN-2 1/0 AWG Cu (J) PVC/NY 600V 90°C G&#038;OII VW-1",1
31405170001,"TSEC 2&#215;6+6 AWG Cu (cobre)-XLPUV/PE 600V 75°C CDSA",0
31405170002,"TSEC 2&#215;6+6 AWG Cu (cobre)-XLPUV/PE 600V 90°C CDSA",0
31404264001,"TSEC 2&#215;6+6 AWG Cu (cobre)-XLPUV/PE 600V 90°C",0
31404244901,"TSEC 2&#215;8+8 AWG Cu (cobre) CPR XLPE-SR 600V 90°C PE",0
31404145001,"TSEC 8+8 AWG Cu-PE/PVC 600V 75°C CDSA",0
31405820001,"TIPO TREBOL 2&#215;10+10 AWG Cu (cobre) XLPE-SR 600V 75°C PE",1
31405820002,"TIPO TREBOL 2&#215;10+10 AWG Cu (cobre) XLPE-SR 600V 90°C PE",1
31405811001,"TIPO TREBOL 2&#215;8+8 AWG Cu (cobre) XLPE-SR 600V 75°C PE",1
31405811002,"TIPO TREBOL 2&#215;8+8 AWG Cu (cobre) XLPE-SR 600V 90°C PE",1
31352614501,"EXZHELLENT BW 14 AWG (2.5mm2) Cu (cobre) CPR HFFR LS 600V 75°",0
31352612201,"EXZHELLENT BW 12 AWG (4mm2) Cu (cobre) CPR HFFR LS 600V 75°C",0
31352610601,"EXZHELLENT BW 10 AWG (6mm2) Cu (cobre) CPR HFFR LS 600V 75°C",0
31352610801,"EXZHELLENT BW 10 AWG (6mm2) Cu (cobre) CPR HFFR LS 600V 75°C XLPE",1
31352610201-2,"EXZHELLENT BW 8 AWG (10mm2) Cu (cobre) CPR HFFR LS 600V 75°C",0
31352610101-2,"EXZHELLENT BW 8 AWG (10mm2) Cu (cobre) CPR HFFR LS 600V 90°C XLPE",1
31352610102-2,"EXZHELLENT BW 8 AWG Cu (cobre) CPR HFFR LS 600V 90°C XLPE 4H ST",1
31352608801,"EXZHELLENT BW 6 AWG (16mm2) Cu (cobre) CPR HFFR LS 600V 75°C",0
31352608701,"EXZHELLENT BW 6 AWG (16mm2) Cu (cobre) CPR HFFR LS 600V 90°C XLPE",1
31352606201,"EXZHELLENT BW 4 AWG (25mm2) Cu (cobre) CPR HFFR LS 600V 75°C",0
31352606101,"EXZHELLENT BW 4 AWG (25mm2) Cu (cobre) CPR HFFR LS 600V 90°C XLPE",1
31352602401-2,"EXZHELLENT BW 2 AWG (35mm2) Cu (cobre) CPR HFFR LS 600V 75°C",0
31352602301,"EXZHELLENT BW 2 AWG (35mm2) Cu (cobre) CPR HFFR LS 600V 90°C XLPE",1
31352600401,"EXZHELLENT BW 1/0 AWG (50mm2) Cu (cobre) CPR HFFR LS 600V 75°C",0
31352600301,"EXZHELLENT BW 1/0 AWG (50mm2) Cu (cobre) CPR HFFR LS 600V 90°C XLPE",1
31352598801,"EXZHELLENT BW 2/0 AWG (70mm2) Cu (cobre) CPR HFFR LS 600V 75°C",0
31352598701,"EXZHELLENT BW 2/0 AWG (70mm2) Cu (cobre) CPR HFFR LS 600V 90°C XLPE",1
31352596401,"EXZHELLENT BW 3/0 AWG (95mm2) Cu (cobre) CPR HFFR LS 600V 75°C",0
31352596301,"EXZHELLENT BW 3/0 AWG (95mm2) Cu (cobre) CPR HFFR LS 600V 90°C XLPE",1
31352594201,"EXZHELLENT BW 4/0 AWG (120mm2) Cu (cobre) CPR HFFR LS 600V 75°C",0
31352594101,"EXZHELLENT BW 4/0 AWG (120mm2) Cu (cobre) CPR HFFR LS 600V 90°C XLPE",1
31352611601,"EXZHELLENT BW 500 kcmil Cu (cobre) CPR HFFR LS 600V 75°",0
31352611001,"EXZHELLENT BW 350 kcmil Cu (cobre) CPR HFFR LS 600V 75°",0
31352610401,"EXZHELLENT BW 250 kcmil Cu (cobre) CPR HFFR LS 600V 75°",0
31354002601-2,"THWN-2 8 AWG Cu (J) PVC/NY 600V G&#038;O II VW-1",1
31354002605-2,"THWN-2 8 AWG Cu (J) PVC/NY 600V 105C G&#038;OII VW-1",1
31354001801-2,"THWN-2 10 AWG Cu (J) PVC/NY 600V G&#038;O II VW-1",1
31354001805,"THWN-2 10 AWG Cu (J) PVC/NY 600V 105C G&#038;OII VW-1",1
31354001001,"THWN-2 12 AWG Cu (J) PVC/NY 600V G&#038;O II VW-1",1
31354001005,"THWN-2 12 AWG Cu (J) PVC/NY 600V 105C G&#038;OII VW-1",1
31354000201,"THWN-2 14 AWG Cu (J) PVC/NY 600V G&#038;O II VW-1",1
31354000205,"THWN-2 14 AWG Cu (J) PVC/NY 600V 105C G&#038;OII VW-1",1
31354000401,"THWN-2 16 AWG Cu (J) PVC/NY 600V G&#038;O II VW-1",1
31353999801,"THWN-2 18 AWG Cu (J) PVC/NY 600V G&#038;O II VW-1",1
31354001601-2,"TFFN 18 AWG Cu (flexible) PVC/NY 600V G&#038;O II VW-1",1
31353999701,"THWN-2 18 AWG Cu (J) PVC/NY 600V 105C G&#038;OII VW-1",1
31353999301,"SUPERFLEX 8 AWG Cu (cobre) (J) PVC/NY 600V 90°C VW-1",0
31353999001,"SUPERFLEX 10 AWG Cu (cobre) (J) PVC/NY 600V 90°C VW-1",0
31353998701,"SUPERFLEX 12 AWG Cu (cobre) (J) PVC/NY 600V 90°C VW-1",0
31353998401,"SUPERFLEX 14 AWG Cu (cobre) (J) PVC/NY 600V 90°C VW-1",0
31353998301,"SUPERFLEX 16 AWG Cu (cobre) (J) PVC/NY 600V 90°C VW-1",0
31353998201,"SUPERFLEX 18 AWG Cu (cobre) (J) PVC/NY 600V 90°C VW-1",0
31354240105,"SUPERFLEX 20 AWG Cu (cobre) (J) PVC/NY 600V 90°C VW-1",0
31354220102,"THWN-2 12 AWG Cu (J) PVC/NY 600V105°C G&#038;O II VW-1CT",1
31354002001,"THWN-2 14 AWG Cu (flexible) PVC/NY 600V G&#038;O II VW-1",1
31354002002,"THWN-2 14 AWG Cu (flexible) PVC NY 600V 105C G&#038;O II VW-1",1
31354001801-3,"TFFN 16 AWG Cu (flexible) PVC/NY 600V G&#038;O II VW-1",1
31354001802,"TFFN 16AWG Cu (flexible) PVC /NY 600V 105C G&#038;O II VW-1",1
31354001601-3,"TFFN 18 AWG Cu (flexible) PVC/NY 600V G&#038;O II VW-1",1
31354001602,"TFFN 18AWG Cu (flexible) PVC/NY 600V 105C G&#038;O II VW-1",1
31369100002,"DUPLEX CPE SPT 2&#215;10 AWG Cu (J) PVC 300V 60°C",1
31369080001,"DUPLEX CPE SPT 2&#215;12 AWG Cu (J) PVC 300V 60°C",1
31369060001,"DUPLEX CPE SPT 2&#215;14 AWG Cu (J) PVC 300V 60°C",1
31369041001,"DUPLEX CPE SPT 2&#215;16 AWG Cu (J) PVC 300V 60°C",1
31369021001,"DUPLEX CPE SPT 2&#215;18 AWG Cu (J) PVC 300V 60°C",1
31369011001,"DUPLEX CPE SPT 2&#215;20 AWG Cu (J) PVC 300V 60°C",1
31369010601,"DUPLEX CPE SPT 3&#215;12 AWG Cu (J) PVC 300V 60°C",1
31369010401,"DUPLEX CPE SPT 3&#215;14 AWG Cu (J) PVC 300V 60°C",1
31369010201,"DUPLEX CPE SPT 3&#215;16 AWG Cu (J) PVC 300V 60°C",1
31369010001,"DUPLEX CPE SPT 3&#215;18 AWG Cu (J) PVC 300V 60°C",1
31368980001,"TERMOFLEX 2&#215;10 AWG Cu (cobre) (J) PVC 300V 60°C",1
31368960001,"TERMOFLEX 2&#215;12 AWG Cu (cobre) (J) PVC 300V 60°C",1
31368940001,"TERMOFLEX 2&#215;14 AWG Cu (cobre) (J) PVC 300V 60°C",1
31368920001,"TERMOFLEX 2&#215;16 AWG Cu (cobre) (J) PVC 300V 60°C",1
31368900001,"TERMOFLEX 2&#215;18 AWG Cu (cobre) (J) PVC 300V 60°C",1
31368880001,"TERMOFLEX 2&#215;20 AWG Cu (cobre) (J) PVC 300V 60°C",1
31368860001,"TERMOFLEX 3&#215;10 AWG Cu (cobre) (J) PVC 300V 60°C",1
31368840001,"TERMOFLEX 3&#215;12 AWG Cu (cobre) (J) PVC 300V 60°C",1
31368820001,"TERMOFLEX 3&#215;14 AWG Cu (cobre) (J) PVC 300V 60°C",1
31368800001,"TERMOFLEX 3&#215;16 AWG Cu (cobre) (J) PVC 300V 60°C",1
31368780001,"TERMOFLEX 3&#215;18 AWG Cu (cobre) (J) PVC 300V 60°C",1
31368760001,"TERMOFLEX EXZHELLENT 2&#215;10 AWG (6mm2) Cu (cobre) 300V 60°C",1
31368740001,"TERMOFLEX EXZHELLENT 2&#215;12 AWG (4mm2) Cu (cobre) 300V 60°C",1
31368720001,"TERMOFLEX EXZHELLENT 2&#215;14 AWG (2.5mm2) Cu (cobre) 300V 60°C",1
31368700001,"TERMOFLEX EXZHELLENT 3&#215;10 AWG (6mm2) Cu (cobre) 300V 60°C",1
31368680001,"TERMOFLEX EXZHELLENT 3&#215;12 AWG (4mm2) Cu (cobre) 300V 60°C",1
31368660001,"TERMOFLEX MULTIPROPÓSITO 2&#215;10 AWG Cu (cobre) (J) PVC 300V 60°C",1
31368640001,"TERMOFLEX MULTIPROPÓSITO 2&#215;12 AWG Cu (cobre) (J) PVC 300V 60°C",1
31368620001,"TERMOFLEX MULTIPROPÓSITO 2&#215;14 AWG Cu (cobre) (J) PVC 300V 60°C",1
31368600001,"TERMOFLEX MULTIPROPÓSITO 2&#215;16 AWG Cu (cobre) (J) PVC 300V 60°C",1
31368580001,"TERMOFLEX MULTIPROPÓSITO 2&#215;18 AWG Cu (cobre) (J) PVC 300V 60°C",1
31368560001,"TERMOFLEX MULTIPROPÓSITO 2&#215;20 AWG Cu (cobre) (J) PVC 300V 60°C",1
31368540001,"TERMOFLEX MULTIPROPÓSITO 3&#215;10 AWG Cu (cobre) (J) PVC 300V 60°C",1
31368520001,"TERMOFLEX MULTIPROPÓSITO 3&#215;12 AWG Cu (cobre) (J) PVC 300V 60°C",1
31368500001,"TERMOFLEX MULTIPROPÓSITO 3&#215;14 AWG Cu (cobre) (J) PVC 300V 60°C",1
31368480001,"TERMOFLEX MULTIPROPÓSITO 3&#215;16 AWG Cu (cobre) (J) PVC 300V 60°C",1
31368460001,"TERMOFLEX MULTIPROPÓSITO 3&#215;18 AWG Cu (cobre) (J) PVC 300V 60°C",1
31368440001,"TERMOFLEX MULTIPROPÓSITO 3&#215;20 AWG Cu (cobre) (J) PVC 300V 60°C",1
32352320101,"THHW 2 AWG (33.6 mm2) AA8000",0
32352320201,"THHW 1 AWG (42.4 mm2) AA8000",0
32352320301,"THHW 1/0 AWG (53.5 mm2) AA8000",0
32352340101,"THHW 1/0 AWG (53.5 mm2)",1
32352350101,"THHW 2/0 AWG (67.4 mm2)",1
32352360101,"THHW 3/0 AWG (85 mm2)",1
32352370101,"THHW 4/0 AWG (107 mm2)",1
32352380101,"THHW 250 kcmil (127 mm2)",1
32352390101,"THHW 350 kcmil (177 mm2)",1
32352400101,"THHW 500 kcmil (253 mm2)",1
32352730101,"EXZHELLENT 2 AWG (35mm2) AA8000",0
32352740101,"EXZHELLENT 1 AWG (42.4mm2) AA8000",0
32352750101,"EXZHELLENT 1/0 AWG (53.5mm2) AA8000",0
32352760101,"EXZHELLENT 2/0 AWG (67.4mm2) AA8000",0
32352770101,"EXZHELLENT 3/0 AWG (85mm2) AA8000",0
32352780101,"EXZHELLENT 4/0 AWG (107mm2) AA8000",0
32352790101,"EXZHELLENT 250 kcmil (127mm2) AA8000",0
32352800101,"EXZHELLENT 350 kcmil (177mm2) AA8000",0
32352810101,"EXZHELLENT 500 kcmil (253mm2) AA8000",0
32480055000,"ACSR 4/0 AWG PENGUIN",0
32480050000,"ACSR 2/0 AWG PARTRIDGE",0
32480045000,"ACSR 1/0 AWG RAVEN",0
32480040000,"ACSR 2 AWG SPARATE",0
32480035000,"ACSR 4 AWG PENGUIN",0
32481200001,"ACSR 2/0 SWANATE",0
32481210001,"ACSR 4/0 PARTRIDGE",0
32481220001,"ACSR 336 kcmil MERLIN",0
32481230001,"ACSR 477 kcmil HAWK",0
32481240001,"ACSR 556 kcmil FLICKER",0
32481250001,"ACSR 715 kcmil DRAKE",0
32482100001,"TRIPLEX 2&#215;1/0+1/0 AWG XLPE/XLPE",1
32482120001,"TRIPLEX 2&#215;2/0+2/0 AWG XLPE/XLPE",1
32482130001,"TRIPLEX 2&#215;4/0+4/0 AWG XLPE/XLPE",1
32482140001,"TRIPLEX 2&#215;250+250 kcmil XLPE/XLPE",1
32482150001,"CUADRUPLEX 3&#215;1/0+1/0 AWG XLPE",1
32482160001,"CUADRUPLEX 3&#215;2/0+2/0 AWG XLPE",1
32482170001,"CUADRUPLEX 3&#215;4/0+4/0 AWG XLPE",1
32482180001,"CUADRUPLEX 3&#215;250+250 kcmil XLPE",1
31399000693,"PV 4mm2 Cu (flexible) XLPE SR 2000V G&#038;O 90°C PVC",0
31399000894,"PV 6mm2 Cu (flexible) XLPE SR 1500V G&#038;O 90°C PVC",0
31399000895,"PV 6mm2 Cu (flexible) XLPE SR 1000V G&#038;O 90°C PVC",0
31399001094,"PV 10mm2 Cu (flexible) XLPE SR 1500V G&#038;O 90°C PVC",0
81471200002,"Cable LAN CAT5E 4PX26AWG",1
81471200003,"Cable LAN CAT6 4PX23AWG",1
81471200004,"Cable LAN CAT6A 4PX23AWG",1
81471200005,"Cable LAN CAT5E APANT 4PX24AWG",1
88490018501,"FO SM ARMADA 96H CINTA ACERO",0
88490037001,"FO SM ADSS 12H VANO 120",0
88490037101,"FO SM ADSS 24H VANO 120",0
88490037201,"FO SM ADSS 48H VANO 120",0
88490038501,"FO SM ADSS 12H VANO 200",0
88490038601,"FO SM ADSS 24H VANO 200",0
88490038701,"FO SM ADSS 48H VANO 200",0
88490202601,"FO SM ARMADA 24H CINTA ACERO",0
88490202701,"FO SM ARMADA 48H CINTA ACERO",0
88490211001,"MICRO FO SM 24H FRP WB",0
106565,"16 AWG 4 conductores SJOOW Cordón portátil 300V",1
106969,"18/4C VNTC apantallado Cable para bandeja E2 600V ER",0
1075A,"Belden 1075A — 20/2P-22/1C 300V Cable PLTC BC I/O blindaje PLTC/ITC/CMG PVC/PVC",1
3079A,"Belden 3079A — 22/1P Cable DataBus Profibus Cable BC apantallado PLTC/ITC/CMG PE/PVC 300V",1
8770,"Belden 8770 — Cable multiconductor 18/3C STR TC PE Beldfoil PVC",1
110902,"18/8C CL3R/CMR Cable multiconductor BC apantallado PVC 300V",0
106562,"10 AWG 4 conductores SJOOW Cordón portátil 300V",1
106563,"12 AWG 3 conductores SJOOW Cordón portátil 300V",1
106564,"12 AWG 4 conductores SJOOW Cordón portátil 300V",1
106566,"18 AWG 3 conductores SJOOW Cordón portátil 300V",1
106567,"4/4C SOOW Cordón portátil 90C 600V CPE negro Non-UL",1
106568,"8/3C SOOW Cordón portátil 90C 600V CPE negro Non-UL",1
106569,"8/4C SOOW Cordón portátil 90C 600V CPE negro Non-UL",1
106570,"10/2C SOOW Cordón portátil 90C 600V CPE",1
106571,"16/2C SOOW Cordón portátil 90C 600V CPE",1
106572,"16/3C SOOW Cordón portátil 90C 600V CPE",1
106573,"16/4C SOOW Cordón portátil 90C 600V CPE",1
106574,"18/5C SOOW Cordón portátil 90C 600V CPE",1
106575,"1 AWG clase K Cable de soldadura 600V 105C EPDM",0
106576,"2 AWG clase K Cable de soldadura 600V 105C EPDM",0
106578-V2,"2 AWG Super Vu-Tron Cable de soldadura 600V 90C",0
106579,"4 AWG clase K Cable de soldadura 600V 105C EPDM",0
106581,"6 AWG clase K Cable de soldadura 600V 105C EPDM",0
106582,"1/0 AWG clase K Cable de soldadura 600V 105C EPDM",0
106584,"1/0 AWG Super Vu-Tron Cable de soldadura 600V 90C",0
106585,"2/0 AWG clase K Cable de soldadura 600V 105C EPDM",0
106587-V20,"2/0 AWG Super Vu-Tron Cable de soldadura 600V 90C",0
106588,"250 KCMIL clase K Cable de soldadura 600V 105C EPDM",0
106589,"3/0 AWG clase K Cable de soldadura 600V 105C EPDM",0
106590,"350 KCMIL clase K Cable de soldadura 600V 105C EPDM",0
106591,"4/0 AWG clase K Cable de soldadura 600V 105C EPDM",0
106592,"4/0 AWG Super Vu-Tron clase M Cable de soldadura 600V 90C",0
106593,"500 KCMIL clase K Cable de soldadura 600V 105C EPDM",0
106594,"2 AWG puente Cable N/S EPR",0
106595,"2/0 AWG puente Cable N/S EPR",0
106596,"4/0 AWG puente Cable N/S EPR",0
106597,"500 MCM puente Cable N/S EPR",0
106598,"1 AWG 4C tipo W Cable EPDM/CPE 2KV",0
106599,"4 AWG 3C tipo W Cable EPDM/CPE 2KV",0
106600,"6 AWG 2C tipo W Cable EPDM/CPE 2KV",0
106601,"6 AWG 4C tipo W Cable EPDM/CPE 2KV",0
106602,"6 AWG 5C tipo W Cable EPDM/CPE 2KV",0
106603,"8 AWG 3C tipo W Cable EPDM/CPE 2KV",0
106604,"8 AWG 4C tipo W Cable EPDM/CPE 2KV",0
106605,"1/0 AWG 1C tipo W Cable EPDM/CPE 2KV",0
106606,"1/0 AWG 4C tipo W Cable EPDM/CPE 2KV",0
106607,"1/0 AWG 5C tipo W Cable EPDM/CPE 2KV",0
106608,"2/0 AWG 3C tipo W Cable EPDM/CPE 2KV",0
106609,"2/0 AWG 4C tipo W Cable EPDM/CPE 2KV",0
106610,"2/0 AWG 5C tipo W Cable EPDM/CPE 2KV",0
106611,"3/0 AWG 4C tipo W Cable EPDM/CPE 2KV",0
106612,"3/0 AWG 5C tipo W Cable EPDM/CPE 2KV",0
106613,"4/0 AWG 4C tipo W Cable EPDM/CPE 2KV",0
106614,"500 MCM 1C tipo W Cable EPDM/CPE 2KV",0
106615,"1/3C tipo GGC 90C 2KV",0
106616,"2/3C tipo GGC 90C 2KV",0
106617,"2/4C tipo G 90C 2KV",0
106618,"4/3C tipo GGC 90C 2KV",0
106619,"4/4C tipo G 90C 2KV",0
106620,"6/3C tipo GGC 90C 2KV",0
106621,"6/4C tipo G 90C 2KV",0
106622,"8/3C tipo GGC 90C 2KV",0
106623,"8/4C tipo G 90C 2KV",0
106624,"1/0-3C tipo GGC 90C 2KV",0
106625,"1/0-4C tipo G 90C 2KV",0
106626,"2/0-3C tipo GGC 90C 2KV",0
106627,"2/0-4C tipo G 90C 2KV",0
106628,"250/3C tipo GGC 90C 2KV",0
106629,"3/0-3C tipo GGC 90C 2KV",0
106630,"3/0-4C tipo G 90C 2KV",0
106631,"350/3C tipo GGC 90C 2KV",0
106632,"4/0-3C tipo GGC 90C 2KV",0
106633,"4/0-4C tipo G 90C 2KV",0
106634,"500/3C tipo GGC 90C 2KV",0
106635,"1 AWG DLO Cable RHH RHW-2 RW90 90C 2KV CPE",0
106636,"2 AWG DLO Cable RHH RHW-2 RW90 90C 2KV CPE",0
106637,"4 AWG DLO Cable RHH RHW-2 RW90 90C 2KV CPE",0
106638,"6 AWG DLO Cable RHH RHW-2 RW90 90C 2KV CPE",0
106639,"8 AWG DLO Cable RHH RHW-2 RW90 90C 2KV CPE",0
106640,"1/0 AWG DLO Cable RHH RHW-2 RW90 90C 2KV CPE",0
106641,"12 AWG DLO Cable RHH RHW-2 RW90 90C 2KV CPE",0
106642,"2/0 AWG DLO Cable RHH RHW-2 RW90 90C 2KV CPE",0
106643,"262 MCM DLO Cable RHH RHW-2 RW90 90C 2KV CPE",0
106644,"3/0 AWG DLO Cable RHH RHW-2 RW90 90C 2KV CPE",0
106645,"313 MCM DLO Cable RHH RHW-2 RW90 90C 2KV CPE",0
106646,"373 MCM DLO Cable RHH RHW-2 RW90 90C 2KV CPE",0
106647,"4/0 AWG DLO Cable RHH RHW-2 RW90 90C 2KV CPE",0
106648,"444 MCM DLO Cable RHH RHW-2 RW90 90C 2KV CPE",0
106649,"535 MCM DLO Cable RHH RHW-2 RW90 90C 2KV CPE",0
106650,"646 MCM DLO Cable RHH RHW-2 RW90 90C 2KV CPE",0
106651,"777 MCM DLO Cable RHH RHW-2 RW90 90C 2KV CPE",0
106652,"16 AWG 2 conductores SJOOW Cordón portátil 300V",1
106653,"10/4C plano festón 105C 600V PVC",0
106654,"12/4C plano festón 105C 600V PVC",0
106655,"12/8C plano festón 105C 600V PVC",0
106656,"14/4C plano festón 105C 600V PVC",0
106657,"14/8C plano festón 105C 600V PVC",0
106658,"16/8C plano festón 105C 600V PVC",0
106659,"16/12C plano festón 105C 600V PVC",0
106660,"14/1C FEP tipo K (19 STR) 150C 600V",0
106664,"18/1C FEP tipo K (19 STR) 150C 600V",0
106665,"12 AWG PTFE teflón, negro 2",0
106666,"14 AWG PTFE teflón,",0
106667,"10 AWG PTFE teflón",0
106668,"10 AWG PTFE teflón,",0
106670,"14 AWG PTFE teflón negro 2",0
106671,"14 AWG PTFE teflón",0
106675,"16 AWG PTFE teflón",0
106680,"16(19ST)TFE-E MIL-16878/4 GRY",0
106682,"16 AWG PTFE teflón,",0
106685,"18(19ST)TFE-E MIL-16878/4 BLK",0
106686,"18 AWG PTFE teflón",0
106688,"18(19ST)TFE-E MIL-16878/4 GRN",0
106690,"18 AWG PTFE teflón,",0
106693,"22 AWG PTFE teflón",0
106696,"22 AWG PTFE teflón,",0
106697,"14/1C Gas Tube Only GTO-15 Cable 105C 15KV",0
106698,"2 AWG 133 hilos cobre desnudo PVC",1
106699,"8 AWG 133 hilos cobre desnudo PVC",1
106701,"10 AWG 105 hilos cobre estañado PVC",0
106707,"12 AWG 65 hilos cobre estañado PVC",0
106716,"14 AWG 41 hilos cobre estañado PVC",0
106726,"16 AWG 26 hilos cobre estañado PVC",0
106737,"18 AWG cobre desnudo sólido PVC",1
106738,"18 AWG 16 hilos cobre estañado PVC",0
106750,"20 AWG 10 hilos cobre estañado PVC",0
106760,"22 AWG 7 hilos cobre estañado PVC",0
106770,"22 AWG máquina herramienta cable UL 1007/1569",0
106773,"16/1PR PLTC N/S 105C 300V PVC",1
106774,"16/1PR PLTC general blindaje PVC 105C 300V",1
106776,"18/1PR PLTC general blindaje PVC 105C 300V",1
106777,"20/1PR PLTC general blindaje PVC 105C 300V",1
106778,"16/1TR PLTC general blindaje PVC 105C 300V",1
106779,"18/1TR PLTC general blindaje PVC 105C 300V",1
106780,"20/1TR PLTC general blindaje PVC 105C 300V",1
106781,"16/1PR PLTC apantallado 105C 300V PVC",1
106782,"18/1PR PLTC apantallado 105C 300V PVC",1
106783,"20/1PR PLTC apantallado 105C 300V PVC",1
106784,"16/4PR PLTC apantallado 105C 300V PVC",1
106785,"16/8PR PLTC apantallado 105C 300V PVC",1
106786,"16/12PR PLTC apantallado 105C 300V PVC",1
106787,"16/16PR PLTC apantallado 105C 300V PVC",1
106788,"16/24PR PVC/OS/PVC BLK/WHT",1
106789,"16/36PR PLTC apantallado 105C 300V PVC",1
106790,"20/12PR PLTC apantallado 105C 300V PVC",1
106791,"16/2PR PVC/OS/PVC BLK/WHT 600V",1
106792,"16/3PR PVC/OS/PVC BLK/WHT 600V",1
106793,"16/4PR PVC/OS/PVC BLK/WHT 600V",1
106794,"16/5PR PVC/OS/PVC BLK/WHT 600V",1
106795,"16/8PR PVC/OS/PVC BLK/WHT 600V",1
106796,"16/12PR PVC/OS/PVC BL/WH 600V",1
106797,"16/16PR PVC/OS/PVC BL/WH 600V",1
106798,"16/24PR PVC/OS/PVC BL/WH 600V",1
106799,"18/2PR PVC/OS/PVC BLK/WHT 600V",1
106800,"18/4PR PVC/OS/PVC BLK/WHT 600V",1
106801,"18/6PR PVC/OS/PVC BLK/WHT 600V",1
106802,"18/8PR PVC/OS/PVC BLK/WHT 600V",1
106803,"18/12PR PVC/OS/PVC BLK/WHT",1
106804,"18/24PR PVC/OS/PVC BLK/WHT",1
106805,"18/36PR PVC/OS/PVC BLK/WHT",1
106806,"16/2PR PLTC SPOS 105C 300V PVC",1
106807,"16/4PR PLTC SPOS 105C 300V PVC",1
106808,"16/8PR PLTC SPOS 105C 300V PVC",1
106809,"16/12PR PLTC SPOS 105C 300V PVC",1
106810,"16/16PR PLTC SPOS 105C 300V PVC",1
106811,"16/24PR PLTC SPOS 105C 300V PVC",1
106812,"16/36PR PLTC SPOS 105C 300V PVC",1
106813,"18/2PR PLTC SPOS 105C 300V PVC",1
106814,"18/4PR PLTC SPOS 105C 300V PVC",1
106815,"18/8PR PLTC SPOS 105C 300V PVC",1
106816,"18/12PR PLTC SPOS 105C 300V PVC",1
106817,"18/16PR PLTC SPOS 105C 300V PVC",1
106818,"18/24PR PLTC SPOS 105C 300V PVC",1
106819,"18/36PR PLTC SPOS 105C 300V PVC",1
106820,"20/2PR PLTC SPOS 105C 300V PVC",1
106821,"20/4PR PLTC SPOS 105C 300V PVC",1
106822,"20/8PR PLTC SPOS 105C 300V PVC",1
106823,"20/12PR PLTC SPOS 105C 300V PVC",1
106824,"20/16PR PLTC SPOS 105C 300V PVC",1
106825,"20 AWG 20 pr PLTC apantallado pares general apantallado",1
106826,"20/24PR PLTC SPOS 105C 300V PVC",1
106827,"20/36PR PLTC SPOS 105C 300V PVC",1
106828,"20/50PR PLTC SPOS 105C 300V PVC",1
106829,"14/2PR TC SPOS PVC 600V",1
106830,"14/4PR TC SPOS PVC 600V",1
106831,"14/8PR TC SPOS PVC 600V",1
106832,"14/12PR TC SPOS PVC 600V",1
106833,"14/24PR TC SPOS PVC 600V",1
106834,"16/2PR TC SPOS PVC 600V",1
106835,"16/3PR TC SPOS PVC 600V",1
106836,"16/4PR PVC/SPOS/PVC BLK/WHT",1
106837,"16/6PR TC SPOS PVC 600V",1
106838,"16/8PR TC SPOS PVC 600V",1
106839,"16/12PR TC SPOS PVC 600V",1
106840,"16/16PR PVC/SPOS/PVC BLK/WHT",1
106841,"16/20PR TC SPOS PVC 600V",1
106842,"16/24PR TC SPOS PVC 600V",1
106843,"16/36PR TC SPOS PVC 600V",1
106844,"16/50PR TC SPOS PVC 600V",1
106845,"18/2PR TC SPOS PVC 600V",1
106846,"18/3PR TC SPOS PVC 600V",1
106847,"18/4PR TC SPOS PVC 600V",1
106848,"18/6PR TC SPOS PVC 600V",1
106849,"18/8PR TC SPOS PVC 600V",1
106850,"18/12PR TC SPOS PVC 600V",1
106851,"18/16PR TC SPOS PVC 600V",1
106852,"18/24PR PVC/SPOS/PVC BLK/WHT",1
106853,"18/36PR TC SPOS PVC 600V",1
106854,"18/50PR TC SPOS PVC 600V",1
106855,"16/2TR TC STOS PVC 600V",1
106856,"16/4TR TC STOS PVC 600V",1
106857,"16/8TR TC STOS PVC 600V",1
106858,"16/12TR TC STOS PVC 600V",1
106859,"16/16TR PVC/STOS/PVC 600V 90C",1
106860,"16/24TR TC STOS PVC 600V",1
106861,"16/36TR TC STOS PVC 600V",1
106862,"18/4TR TC STOS PVC 600V",1
106863,"18/8TR TC STOS PVC 600V",1
106864,"18/12TR TC STOS PVC 600V",1
106865,"18/24TR PVC/STOS/PVC 600V 90C",1
106866,"20/4TR PLTC STOS 105C 300V PVC",1
106867,"20/8TR PLTC STOS 105C 300V PVC",1
106868,"20/12TR PLTC STOS 105C 300V PVC",1
106869,"20/36TR PLTC STOS 105C 300V PVC",1
106870,"8/3C VNTC N/S Cable para bandeja M4 600V ER",0
106871,"10/2C VNTC N/S Cable para bandeja E2 600V TC plano",0
106872,"10/3C VNTC N/S Cable para bandeja E2 600V ER",0
106873,"10/3C VNTC N/S Cable para bandeja BWG 600V ER",0
106874,"10/4C VNTC N/S Cable para bandeja E2 600V ER",0
106875,"10/5C VNTC N/S Cable para bandeja E2 600V ER",0
106876,"10/7C VNTC N/S Cable para bandeja E2 600V ER",0
106877,"10/9C VNTC N/S Cable para bandeja E2 600V ER",0
106878,"10/12C VNTC N/S Cable para bandeja E2 600V ER",0
106879,"10/19C VNTC N/S Cable para bandeja E2 600V ER",0
106880,"12/2C VNTC N/S Cable para bandeja E2 600V TC plano",0
106881,"12/2C VNTC N/S Cable para bandeja E2 600V TC redondo",0
106882,"12/3C VNTC N/S Cable para bandeja E2 600V ER",0
106883,"12/3C VNTC N/S Cable para bandeja 600V BWG ER",0
106884,"12/4C VNTC N/S Cable para bandeja E2 600V ER",0
106885,"12/5C VNTC N/S Cable para bandeja E2 600V ER",0
106886,"12/6C VNTC N/S Cable para bandeja E2 600V ER",0
106887,"12/7C VNTC N/S Cable para bandeja E2 600V ER",0
106888,"12/9C VNTC N/S Cable para bandeja E2 600V ER",0
106889,"12/12C VNTC N/S Cable para bandeja E2 600V ER",0
106890,"12/16C VNTC N/S Cable para bandeja E2 600V ER",0
106891,"12/19C VNTC N/S Cable para bandeja E2 600V ER",0
106892,"12/25C VNTC N/S Cable para bandeja E2 600V ER",0
106893,"12/30C VNTC N/S Cable para bandeja E2 600V ER",0
106894,"12/37C VNTC N/S Cable para bandeja E2 600V ER",0
106895,"14/3C VNTC N/S Cable para bandeja BWG 600V ER",0
106896,"16/2C VNTC N/S Cable para bandeja E2 600V TC plano",0
106897,"16/2C VNTC N/S Cable para bandeja E2 600V TC redondo",0
106898,"16/3C VNTC N/S Cable para bandeja E2 600V ER",0
106899,"16/4C VNTC N/S Cable para bandeja E2 600V ER",0
106900,"16/5C VNTC N/S Cable para bandeja E2 600V ER",0
106901,"16/6C VNTC N/S Cable para bandeja E2 600V ER",0
106902,"16/7C VNTC N/S Cable para bandeja E2 600V ER",0
106903,"16/9C VNTC N/S Cable para bandeja E2 600V ER",0
106904,"16/10C VNTC N/S Cable para bandeja E2 600V ER",0
106905,"16/12C VNTC N/S Cable para bandeja E2 600V ER",0
106906,"16/16C VNTC N/S Cable para bandeja E2 600V ER",0
106907,"16/19C VNTC N/S Cable para bandeja E2 600V ER",0
106908,"16/20C VNTC N/S Cable para bandeja E2 600V ER",0
106909,"16/25C VNTC N/S Cable para bandeja E2 600V ER",0
106910,"16/30C VNTC N/S Cable para bandeja E2 600V ER",0
106911,"16/37C VNTC N/S Cable para bandeja E2 600V ER",0
106912,"16/50C VNTC N/S Cable para bandeja E2 600V ER",0
106913,"18/2C VNTC N/S Cable para bandeja E2 600V TC plano",0
106914,"18/2C VNTC N/S Cable para bandeja E2 600V TC redondo",0
106915,"18/3C VNTC N/S Cable para bandeja E2 600V ER",0
106916,"18/4C VNTC N/S Cable para bandeja E2 600V ER",0
106917,"18/5C VNTC N/S Cable para bandeja E2 600V ER",0
106918,"18/7C VNTC N/S Cable para bandeja E2 600V ER",0
106919,"18/9C VNTC N/S Cable para bandeja E2 600V ER",0
106920,"18/10C VNTC N/S Cable para bandeja E2 600V ER",0
106921,"18/12C VNTC N/S Cable para bandeja E2 600V ER",0
106922,"18/15C VNTC N/S Cable para bandeja E2 600V ER",0
106923,"18/19C VNTC N/S Cable para bandeja E2 600V ER",0
106924,"18/25C VNTC N/S Cable para bandeja E2 600V ER",0
106925,"18/37C VNTC N/S Cable para bandeja E2 600V ER",0
106926,"12/2C VNTC N/S Cable para bandeja M4 600V TC plano",0
106927,"12/3C VNTC N/S Cable para bandeja M4 600V ER",0
106928,"12/4C VNTC N/S Cable para bandeja M4 600V ER",0
106929,"12/7C VNTC N/S Cable para bandeja M4 600V ER",0
106930,"10/3C+14/4C VNTC N/S w/tierra M4 600V ER",0
106931,"12/4C VNTC N/S Cable para bandeja E1 600V ER",0
106932,"14/4C VNTC N/S Cable para bandeja E1 600V ER",0
106933,"14/7C VNTC N/S Cable para bandeja E1 600V ER",0
106934,"14/2C VNTC apantallado Cable para bandeja E1 600V TC",0
106935,"16/2C VNTC apantallado Cable para bandeja E1 600V TC",0
106936,"16/3C VNTC apantallado Cable para bandeja E1 600V ER",0
106937,"18/2C VNTC apantallado Cable para bandeja E1 600V TC",0
106938,"18/3C VNTC apantallado Cable para bandeja E1 600V ER",0
106939,"10/2C VNTC apantallado Cable para bandeja E2 600V TC",0
106940,"10/3C VNTC apantallado Cable para bandeja E2 600V ER",0
106941,"10/4C VNTC apantallado Cable para bandeja E2 600V ER",0
106942,"12/2C VNTC apantallado Cable para bandeja E2 600V TC",0
106943,"12/3C VNTC apantallado Cable para bandeja E2 600V ER",0
106944,"12/4C VNTC apantallado Cable para bandeja E2 600V ER",0
106945,"12/5C VNTC apantallado Cable para bandeja E2 600V ER",0
106946,"12/7C VNTC apantallado Cable para bandeja E2 600V ER",0
106947,"12/12C VNTC apantallado Cable para bandeja E2 600V ER",0
106948,"14/2C VNTC apantallado Cable para bandeja E2 600V TC",0
106949,"14/3C VNTC apantallado Cable para bandeja E2 600V ER",0
106950,"14/4C VNTC apantallado Cable para bandeja E2 600V ER",0
106951,"14/5C VNTC apantallado Cable para bandeja E2 600V ER",0
106952,"14/7C VNTC apantallado Cable para bandeja E2 600V ER",0
106953,"14/9C VNTC apantallado Cable para bandeja E2 600V ER",0
106954,"14/12C VNTC apantallado Cable para bandeja E2 600V ER",0
106955,"14/19C VNTC apantallado Cable para bandeja E2 600V ER",0
106956,"14/30C VNTC apantallado Cable para bandeja E2 600V ER",0
106957,"16/2C VNTC apantallado Cable para bandeja E2 600V TC",0
106958,"16/3C VNTC apantallado Cable para bandeja E2 600V ER",0
106959,"16/4C VNTC apantallado Cable para bandeja E2 600V ER",0
106960,"16/5C VNTC apantallado Cable para bandeja E2 600V ER",0
106961,"16/7C VNTC apantallado Cable para bandeja E2 600V ER",0
106962,"16/9C VNTC apantallado Cable para bandeja E2 600V ER",0
106963,"16/12C VNTC apantallado Cable para bandeja E2 600V ER",0
106964,"16/19C VNTC apantallado Cable para bandeja E2 600V ER",0
106965,"16/25C VNTC apantallado Cable para bandeja E2 600V ER",0
106966,"16/37C VNTC apantallado Cable para bandeja E2 600V ER",0
106967,"18/2C VNTC apantallado Cable para bandeja E2 600V TC",0
106968,"18/3C VNTC apantallado Cable para bandeja E2 600V ER",0
106970,"18/5C VNTC apantallado Cable para bandeja E2 600V ER",0
106971,"18/7C VNTC apantallado Cable para bandeja E2 600V ER",0
106972,"18/8C VNTC apantallado Cable para bandeja E2 600V ER",0
106973,"18/9C VNTC apantallado Cable para bandeja E2 600V ER",0
106974,"18/10C VNTC apantallado Cable para bandeja E2 600V ER",0
106975,"18/12C VNTC apantallado Cable para bandeja E2 600V ER",0
106976,"18/19C VNTC apantallado Cable para bandeja E2 600V ER",0
106977,"18/25C VNTC apantallado Cable para bandeja E2 600V ER",0
106978,"18/37C VNTC apantallado Cable para bandeja E2 600V ER",0
106979,"1/4C VNTC N/S Cable para bandeja w/tierra M4 600V ER",0
106980,"2/3C VNTC N/S Cable para bandeja w/tierra M4 600V ER",0
106981,"4/4C VNTC N/S Cable para bandeja w/tierra M4 600V ER",0
106982,"6/3C VNTC N/S Cable para bandeja w/tierra M4 600V ER",0
106983,"8/4C VNTC N/S Cable para bandeja w/tierra M4 600V ER",0
106984,"1/0-3C VNTC N/S Cable para bandeja w/tierra M4 600V ER",0
106985,"2/0-3C VNTC N/S Cable para bandeja w/tierra M4 600V ER",0
106986,"2/0-4C VNTC N/S Cable para bandeja w/tierra M4 600V ER",0
106987,"3/0-3C VNTC N/S Cable para bandeja w/tierra M4 600V ER",0
106988,"3/0-4C VNTC N/S Cable para bandeja w/tierra M4 600V ER",0
106989,"350MCM/3C VNTC N/S Cable para bandeja w/tierra M4 600V ER",0
106990,"4/0-3C VNTC N/S Cable para bandeja w/tierra M4 600V ER",0
106991,"500MCM/3C VNTC N/S Cable para bandeja w/tierra M4 600V ER",0
106992,"2/3C VNTC apantallado Cable para bandeja w/tierra M4 600V ER",0
106993,"4/3C VNTC apantallado Cable para bandeja w/tierra M4 600V ER",0
106994,"6/3C VNTC apantallado Cable para bandeja w/tierra M4 600V ER",0
106995,"8/3C VNTC apantallado Cable para bandeja w/tierra M4 600V ER",0
106996,"8/4C VNTC apantallado Cable para bandeja w/tierra M4 600V ER",0
106997,"10/2C XLPE XPTC N/S Cable para bandeja E2 600V TC plano",1
106998,"10/3C XLPE XPTC N/S Cable para bandeja E2 600V ER",1
106999,"10/4C XLPE XPTC N/S Cable para bandeja E2 600V ER",1
107000,"10/5C XLPE XPTC N/S Cable para bandeja E2 600V ER",1
107001,"10/7C XLPE XPTC N/S Cable para bandeja E2 600V ER",1
107002,"10/12C XLPE XPTC N/S Cable para bandeja E2 600V ER",1
107003,"12/2C XLPE XPTC N/S Cable para bandeja E2 600V TC plano",1
107004,"12/3C XLPE XPTC N/S Cable para bandeja E2 600V ER",1
107005,"12/4C XLPE XPTC N/S Cable para bandeja E2 600V ER",1
107006,"12/5C XLPE XPTC N/S Cable para bandeja E2 600V ER",1
107007,"12/7C XLPE XPTC N/S Cable para bandeja E2 600V ER",1
107008,"12/9C XLPE XPTC N/S Cable para bandeja E2 600V ER",1
107009,"12/12C XLPE XPTC N/S Cable para bandeja E2 600V ER",1
107010,"12 AWG 19 conductores XLPE XPTC Cable para bandeja sin apantallar",1
107011,"14/2C XLPE XPTC N/S Cable para bandeja E2 600V TC",1
107012,"14/3C XLPE XPTC N/S Cable para bandeja E2 600V ER",1
107013,"14/4C XLPE XPTC N/S Cable para bandeja E2 600V ER",1
107014,"14/5C XLPE XPTC N/S Cable para bandeja E2 600V ER",1
107015,"14/7C XLPE XPTC N/S Cable para bandeja E2 600V ER",1
107016,"14/9C XLPE XPTC N/S Cable para bandeja E2 600V ER",1
107017,"14/12C XLPE XPTC N/S Cable para bandeja E2 600V ER",1
107018,"14/19C XLPE XPTC N/S Cable para bandeja E2 600V ER",1
107019,"14/25 XLPE XPTC N/S Cable para bandeja E2 600V ER",1
107020,"14/37C XLPE XPTC N/S Cable para bandeja E2 600V ER",1
107021,"2/3C XLPE XPTC N/S Cable para bandeja w/G M4 600V ER",1
107022,"2/4C XLPE XPTC N/S Cable para bandeja w/G M4 600V ER",1
107023,"4/3C XLPE XPTC N/S Cable para bandeja w/G M4 600V ER",1
107024,"4 AWG 4 conductores XLPE XPTC Cable para bandeja con tierra",1
107025,"6/3C XLPE XPTC N/S Cable para bandeja w/G M4 600V ER",1
107026,"6 AWG 4 conductores XLPE XPTC Cable para bandeja con tierra",1
107027,"8/3C XLPE XPTC N/S Cable para bandeja w/G M4 600V ER",1
107028,"8/4C XLPE XPTC N/S Cable para bandeja w/G M4 600V ER",1
107029,"1/0-3C XLPE XPTC N/S Cable para bandeja w/G M4 600V ER",1
107030,"1/0 AWG 4 conductores XLPE XPTC Cable para bandeja con tierra",1
107031,"10/3C XLPE XPTC N/S Cable para bandeja w/G E2 600V ER",1
107032,"12/3C XLPE XPTC N/S Cable para bandeja w/G E2 600V ER",1
107033,"2/0-3C XLPE XPTC N/S Cable para bandeja w/G M4 600V ER",1
107034,"2/0 AWG 4 conductores XLPE XPTC Cable para bandeja con tierra",1
107035,"250/3C XLPE XPTC N/S Cable para bandeja w/G M4 600V ER",1
107036,"350/3C XLPE XPTC N/S Cable para bandeja w/G M4 600V ER",1
107037,"4/0-3C XLPE XPTC N/S Cable para bandeja w/G M4 600V ER",1
107038,"4/0-4C XLPE XPTC N/S Cable para bandeja w/G M4 600V ER",1
107039,"500/3C XLPE XPTC N/S Cable para bandeja w/G M4 600V ER",1
107040,"2/3C Bus bajante 60C 600V",0
107041,"6/3C Bus bajante 60C 600V",0
107042,"8/3C Bus bajante 60C 600V",0
107043,"10/3C Bus bajante 60C 600V",0
107044,"12/3C Bus bajante 60C 600V",0
107045,"12/4C Bus bajante 60C 600V",0
107046,"14/3C Bus bajante 60C 600V",0
107047,"2/3C+12/4C VNTC N/S w/tierra M4 600V ER",0
107048,"4/3C+12/4C VNTC N/S w/tierra M4 600V ER",0
107049,"6/3C+12/4C VNTC N/S w/tierra M4 600V ER",0
107050,"8/3C+12/4C VNTC N/S w/tierra M4 600V ER",0
107051,"12/3C+14/4C VNTC N/S w/tierra M4 600V ER",0
107052,"10/2C FREP/CPE N/S Cable para bandeja E2 600V TC plano",1
107053,"10/3C FREP/CPE N/S Cable para bandeja E2 600V ER",1
107054,"10/4C FREP/CPE N/S Cable para bandeja E2 600V ER",1
107055,"10/5C FREP/CPE N/S Cable para bandeja E2 600V ER",1
107056,"10/7C FREP/CPE N/S Cable para bandeja E2 600V ER",1
107057,"10/9C FREP/CPE N/S Cable para bandeja E2 600V ER",1
107058,"10/12C FREP/CPE N/S Cable para bandeja E2 600V ER",1
107059,"12/2C FREP/CPE N/S Cable para bandeja E2 600V TC plano",1
107060,"12/3C FREP/CPE N/S Cable para bandeja E2 600V ER",1
107061,"12/4C FREP/CPE N/S Cable para bandeja E2 600V ER",1
107062,"12/5C FREP/CPE N/S Cable para bandeja E2 600V ER",1
107063,"12/7C FREP/CPE N/S Cable para bandeja E2 600V ER",1
107064,"12/9C FREP/CPE N/S Cable para bandeja E2 600V ER",1
107065,"12/12C FREP/CPE N/S Cable para bandeja E2 600V ER",1
107066,"12/15C FREP/CPE N/S Cable para bandeja E2 600V ER",1
107067,"12/19C FREP/CPE N/S Cable para bandeja E2 600V ER",1
107068,"12/37C FREP/CPE N/S Cable para bandeja E2 600V ER",1
107069,"14/2C FREP/CPE N/S Cable para bandeja E2 600V TC plano",1
107070,"14/3C FREP/CPE N/S Cable para bandeja E2 600V ER",1
107071,"14/4C FREP/CPE N/S Cable para bandeja E2 600V ER",1
107072,"14/5C FREP/CPE N/S Cable para bandeja E2 600V ER",1
107073,"14/7C FREP/CPE N/S Cable para bandeja E2 600V ER",1
107074,"14/9C FREP/CPE N/S Cable para bandeja E2 600V ER",1
107075,"14/12C FREP/CPE N/S Cable para bandeja E2 600V ER",1
107076,"14/19C FREP/CPE N/S Cable para bandeja E2 600V ER",1
107077,"14/25C FREP/CPE N/S Cable para bandeja E2 600V ER",1
107078,"14/37C FREP/CPE N/S Cable para bandeja E2 600V ER",1
107079,"16/9C FREP/CPE N/S Cable para bandeja E2 600V ER",1
107080,"16/12C FREP/CPE N/S 600V M1/E2",1
107081,"16/24C FREP/CPE N/S 600V M1/E2",1
107082,"16/37C FREP-CPE N/S Cable para bandeja E2 600V ER",1
107083,"10/2C FREP/CPE N/S Cable para bandeja E1 600V TC plano",1
107084,"10/3C FREP/CPE N/S Cable para bandeja E1 600V ER",1
107085,"10/4C FREP/CPE N/S Cable para bandeja E1 600V ER",1
107086,"12/2C FREP/CPE N/S Cable para bandeja E1 600V TC plano",1
107087,"12/3C FREP/CPE N/S Cable para bandeja E1 600V ER",1
107088,"12/4C FREP/CPE N/S Cable para bandeja E1 600V ER",1
107089,"12/5C FREP/CPE N/S 600V M1/E1",1
107090,"12/7C FREP/CPE N/S Cable para bandeja E1 600V ER",1
107091,"12/12C FREP/CPE N/S Cable para bandeja E1 600V ER",1
107092,"14/2C FREP/CPE N/S Cable para bandeja E1 600V TC plano",1
107093,"14/3C FREP/CPE N/S Cable para bandeja E1 600V ER",1
107094,"14/4C FREP/CPE N/S Cable para bandeja E1 600V ER",1
107095,"14/5C FREP/CPE N/S Cable para bandeja E1 600V ER",1
107096,"14/7C FREP/CPE N/S Cable para bandeja E1 600V ER",1
107097,"14/9C FREP/CPE N/S Cable para bandeja E1 600V ER",1
107098,"14/12C FREP/CPE N/S Cable para bandeja E1 600V ER",1
107099,"16/3C FREP/CPE apantallado Cable para bandeja E2 600V ER",1
107100,"18/2C FREP/CPE SHLD 600V M1/E2",0
107101,"2/3C FREP/CPE N/S Cable para bandeja M4 600V ER",1
107102,"2/4C FREP/CPE N/S Cable para bandeja w/G M4 600V ER",1
107103,"4/3C FREP/CPE N/S Cable para bandeja w/G M4 600V ER",1
107104,"4/4C FREP/CPE N/S Cable para bandeja w/G M4 600V ER",1
107105,"6/3C FREP/CPE N/S Cable para bandeja w/G M4 600V ER",1
107106,"6/4C FREP/CPE N/S Cable para bandeja w/G M4 600V ER",1
107107,"8/3C FREP/CPE N/S Cable para bandeja w/G M4 600V ER",1
107108,"8/4C FREP/CPE N/S Cable para bandeja w/G M4 600V ER",1
107109,"1/0-3C FREP/CPE N/S Cable para bandeja w/G M4 600V ER",1
107110,"2/0-3C FREP/CPE N/S Cable para bandeja M4 600V ER",1
107111,"350/3C FREP/CPE M4 600V TC-ER",0
107112,"500/3C FREP/CPE N/S Cable para bandeja w/G M4 600V ER",1
107113,"16/1TR OS W/drenaje FREP/CPE",1
107114,"16/3TR STOS W/drenaje FREP/CPE",1
107115,"16/4TR STOS W/drenaje FREP/CPE",1
107116,"16/6TR STOS W/drenaje FREP/CPE",1
107117,"16/8TR STOS W/drenaje FREP/CPE",1
107118,"12/3C 600V SDN M1/E2 90C DRY",0
107119,"12 AWG 4 conductores SDN diámetro pequeño neopreno",0
107120,"12 AWG 6 conductores SDN diámetro pequeño neopreno",0
107121,"14 AWG 3 conductores SDN diámetro pequeño neopreno",0
107122,"14/4C 600V SDN M1/E2 90C DRY",0
107123,"14 AWG 6 conductores SDN diámetro pequeño neopreno",0
107124,"14 AWG 8 conductores SDN diámetro pequeño neopreno",0
107125,"14 AWG 10 conductores SDN diámetro pequeño neopreno",0
107126,"14/12C 600V SDN M1/E2 90C DRY",0
107127,"14 AWG 16 conductores SDN diámetro pequeño neopreno",0
107128,"14 AWG 24 conductores SDN diámetro pequeño neopreno",0
107129,"14/37C 600V SDN M1/E2 90C DRY",0
107130,"16 AWG 4 conductores SDN diámetro pequeño neopreno",0
107131,"16/5C 600V SDN M1/E2 90C DRY",0
107132,"16 AWG 6 conductores SDN diámetro pequeño neopreno",0
107133,"16 AWG 8 conductores SDN diámetro pequeño neopreno",0
107134,"16 AWG 10 conductores SDN diámetro pequeño neopreno",0
107135,"16 AWG 14 conductores SDN diámetro pequeño neopreno",0
107136,"16 AWG 16 conductores SDN diámetro pequeño neopreno",0
107137,"16 AWG 24 conductores SDN diámetro pequeño neopreno",0
107138,"16 AWG 30 conductores SDN diámetro pequeño neopreno",0
107139,"16 AWG 37 conductores SDN diámetro pequeño neopreno",0
107140,"18 AWG 5 conductores SDN diámetro pequeño neopreno",0
107141,"18 AWG 6 conductores SDN diámetro pequeño neopreno",0
107142,"18 AWG 8 conductores SDN diámetro pequeño neopreno",0
107143,"18 AWG 12 conductores SDN diámetro pequeño neopreno",0
107144,"18 AWG 14 conductores SDN diámetro pequeño neopreno",0
107145,"18 AWG 16 conductores SDN diámetro pequeño neopreno",0
107146,"18/19C 600V SDN M1/E2 90C DRY",0
107147,"12/3C bajo Smoke Zero Halogen TC-ER 90C 600V",0
107148,"20/1P JX termopar sin apantallar 200C 300V FEP",0
107149,"16/1P EX termopar apantallado 105C 300V PVC Purple",0
107150,"16/1P JX termopar apantallado 105C 300V PVC",0
107152,"16/1P TX termopar apantallado 105C 300V PVC",0
107153,"20/1P JX termopar apantallado 105C 300V PVC",0
107156,"20/1P JX termopar sin apantallar 105C 300V PVC",0
107158,"20/1P TX termopar sin apantallar 105C 300V PVC",0
107159,"20/2C J termopar sin apantallar 510C 600V Fiberglass",0
107160,"8/3C plano sumergible bomba Cable w/G PVC",0
107161,"10/3C plano sumergible bomba Cable w/G PVC",0
107162,"12/3C plano sumergible bomba Cable w/G PVC",0
107163,"14/3C plano sumergible bomba Cable w/G PVC",0
107164,"6/3C VNTC N/S Cable para bandeja M4 600V ER",0
107165,"14/2C VNTC N/S Cable para bandeja E2 600V TC plano",0
107166,"14/2C VNTC N/S Cable para bandeja E2 600V TC redondo",0
107167,"14/3C VNTC N/S Cable para bandeja E2 600V ER",0
107168,"14/4C VNTC N/S Cable para bandeja E2 600V ER",0
107169,"14/5C VNTC N/S Cable para bandeja E2 600V ER",0
107170,"14/6C VNTC N/S Cable para bandeja E2 600V ER",0
107171,"14/7C VNTC N/S Cable para bandeja E2 600V ER",0
107172,"14/9C VNTC N/S Cable para bandeja E2 600V ER",0
107173,"14/10C VNTC N/S Cable para bandeja E2 600V ER",0
107174,"14/12C VNTC N/S Cable para bandeja E2 600V ER",0
107175,"14/15C VNTC N/S Cable para bandeja E2 600V ER",0
107176,"14/16C VNTC N/S Cable para bandeja E2 600V ER",0
107177,"14/19C VNTC N/S Cable para bandeja E2 600V ER",0
107178,"14/20C VNTC N/S Cable para bandeja E2 600V ER",0
107179,"14/25C VNTC N/S Cable para bandeja E2 600V ER",0
107180,"14/30C VNTC N/S Cable para bandeja E2 600V ER",0
107181,"14/37C VNTC N/S Cable para bandeja E2 600V ER",0
107182,"14/50C VNTC N/S Cable para bandeja E2 600V ER",0
107183,"14/60C VNTC N/S Cable para bandeja E2 600V ER",0
107184,"10/3C VNTC N/S Cable para bandeja M4 600V ER",0
107185,"10/4C VNTC N/S Cable para bandeja M4 600V ER",0
107186,"14/2C VNTC N/S Cable para bandeja M4 600V TC plano",0
107187,"14/3C VNTC N/S Cable para bandeja M4 600V ER",0
107188,"14/4C VNTC N/S Cable para bandeja M4 600V ER",0
107189,"14/5C VNTC N/S Cable para bandeja M4 600V ER",0
107190,"14/7C VNTC N/S Cable para bandeja M4 600V ER",0
107191,"14/9C VNTC N/S Cable para bandeja M4 600V ER",0
107192,"14/12C VNTC N/S Cable para bandeja M4 600V ER",0
107193,"14/15C VNTC N/S Cable para bandeja M4 600V ER",0
107194,"14/19C VNTC N/S Cable para bandeja M4 600V ER",0
107195,"14/37C VNTC N/S Cable para bandeja M4 600V ER",0
107196,"1/3C VNTC N/S Cable para bandeja w/tierra M4 600V ER",0
107197,"2/4C VNTC N/S Cable para bandeja w/tierra M4 600V ER",0
107198,"4/3C VNTC N/S Cable para bandeja w/tierra M4 600V ER",0
107199,"6/4C VNTC N/S Cable para bandeja w/tierra M4 600V ER",0
107200,"8/3C VNTC N/S Cable para bandeja w/tierra M4 600V ER",0
107201,"1/0-4C VNTC N/S Cable para bandeja w/tierra M4 600V ER",0
107202,"10/3C VNTC N/S Cable para bandeja w/tierra E2 600V ER",0
107203,"12/3C VNTC N/S Cable para bandeja w/tierra E2 600V ER",0
107204,"250MCM/3C VNTC N/S Cable para bandeja w/tierra M4 600V ER",0
107205,"250MCM/4C VNTC N/S Cable para bandeja w/tierra M4 600V ER",0
107206,"350MCM/4C VNTC N/S Cable para bandeja w/tierra M4 600V ER",0
107207,"4/0-4C VNTC N/S Cable para bandeja w/tierra M4 600V ER",0
107208,"500MCM/4C VNTC N/S Cable para bandeja w/tierra M4 600V ER",0
107209,"750MCM/3C VNTC N/S Cable para bandeja w/tierra M4 600V ER",0
107210,"16/2C FREP/CPE apantallado Cable para bandeja E2 600V TC",1
107211,"4/0-3C FREP/CPE N/S Cable para bandeja w/G M4 600V ER",1
107212,"16/2TR STOS W/drenaje FREP/CPE",1
107213,"2/3C SOOW Cordón portátil 90C 600V CPE negro Non-UL",1
107214,"2/4C SOOW Cordón portátil 90C 600V CPE negro Non-UL",1
107215,"2/5C SOOW Cordón portátil 90C 600V CPE negro Non-UL",1
107216,"4/3C SOOW Cordón portátil 90C 600V CPE negro Non-UL",1
107217,"4/5C SOOW Cordón portátil 90C 600V CPE negro Non-UL",1
107218,"6/3C SOOW Cordón portátil 90C 600V CPE negro Non-UL",1
107219,"6/4C SOOW Cordón portátil 90C 600V CPE negro Non-UL",1
107220,"6/5C SOOW Cordón portátil 90C 600V CPE negro Non-UL",1
107221,"8/5C SOOW Cordón portátil 90C 600V CPE negro Non-UL",1
107222,"10/3C SOOW Cordón portátil 90C 600V CPE",1
107223,"10/4C SOOW Cordón portátil 90C 600V CPE",1
107224,"10/5C SOOW Cordón portátil 90C 600V CPE",1
107225,"10/6C SOOW Cordón portátil 90C 600V CPE",1
107226,"10/7C SOOW Cordón portátil 90C 600V CPE",1
107227,"12/2C SOOW Cordón portátil 90C 600V CPE",1
107228,"12/3C SOOW Cordón portátil 90C 600V CPE",1
107229,"12/4C SOOW Cordón portátil 90C 600V CPE",1
107230,"12/5C SOOW Cordón portátil 90C 600V CPE",1
107231,"12/6C SOOW Cordón portátil 90C 600V CPE",1
107232,"12/7C SOOW Cordón portátil 90C 600V CPE",1
107233,"12/8C SOOW Cordón portátil 90C 600V CPE",1
107234,"12/9C SOOW Cordón portátil 90C 600V CPE",1
107235,"12/10C SOOW Cordón portátil 90C 600V CPE",1
107236,"12/12C SOOW Cordón portátil 90C 600V CPE",1
107237,"12/14C SOOW Cordón portátil 90C 600V CPE",1
107238,"12/16C SOOW Cordón portátil 90C 600V CPE",1
107239,"12/20C SOOW Cordón portátil 90C 600V CPE",1
107240,"12/24C SOOW Cordón portátil 90C 600V CPE",1
107241,"12/30C SOOW Cordón portátil 90C 600V CPE",1
107242,"14/2C SOOW Cordón portátil 90C 600V CPE",1
107243,"14/3C SOOW Cordón portátil 90C 600V CPE",1
107244,"14/4C SOOW Cordón portátil 90C 600V CPE",1
107245,"14/5C SOOW Cordón portátil 90C 600V CPE",1
107246,"14/6C SOOW Cordón portátil 90C 600V CPE",1
107247,"14/7C SOOW Cordón portátil 90C 600V CPE",1
107248,"14/8C SOOW Cordón portátil 90C 600V CPE",1
107249,"14/10C SOOW Cordón portátil 90C 600V CPE",1
107250,"14/12C SOOW Cordón portátil 90C 600V CPE",1
107251,"14/14C SOOW Cordón portátil 90C 600V CPE",1
107252,"14/16C SOOW Cordón portátil 90C 600V CPE",1
107253,"14/20C SOOW Cordón portátil 90C 600V CPE",1
107254,"14/24C SOOW Cordón portátil 90C 600V CPE",1
107255,"16/5C SOOW Cordón portátil 90C 600V CPE",1
107256,"16/6C SOOW Cordón portátil 90C 600V CPE",1
107257,"16/7C SOOW Cordón portátil 90C 600V CPE",1
107258,"16/8C SOOW Cordón portátil 90C 600V CPE",1
107259,"16/10C SOOW Cordón portátil 90C 600V CPE",1
107260,"16/12C SOOW Cordón portátil 90C 600V CPE",1
107261,"16/14C SOOW Cordón portátil 90C 600V CPE",1
107262,"16/16C SOOW Cordón portátil 90C 600V CPE",1
107263,"16/20C SOOW Cordón portátil 90C 600V CPE",1
107264,"16/24C SOOW Cordón portátil 90C 600V CPE",1
107265,"16/30C SOOW Cordón portátil 90C 600V CPE",1
107266,"16/40C SOOW Cordón portátil 90C 600V CPE",1
107267,"18/2C SOOW Cordón portátil 90C 600V CPE",1
107268,"18/3C SOOW Cordón portátil 90C 600V CPE",1
107269,"18/4C SOOW Cordón portátil 90C 600V CPE",1
107270,"18/6C SOOW Cordón portátil 90C 600V CPE",1
107271,"18/7C SOOW Cordón portátil 90C 600V CPE",1
107272,"18/8C SOOW Cordón portátil 90C 600V CPE",1
107273,"18/10C SOOW Cordón portátil 90C 600V CPE",1
107274,"18/12C SOOW Cordón portátil 90C 600V CPE",1
107275,"18/14C SOOW Cordón portátil 90C 600V CPE",1
107276,"18/20C SOOW Cordón portátil 90C 600V CPE",1
107277,"18/24C SOOW Cordón portátil 90C 600V CPE",1
107278,"1 AWG 3C tipo W Cable EPDM/CPE 2KV",0
107279,"2 AWG 1C tipo W Cable EPDM/CPE 2KV",0
107280,"2 AWG 3C tipo W Cable EPDM/CPE 2KV",0
107281,"2 AWG 4C tipo W Cable EPDM/CPE 2KV",0
107282,"4 AWG 4C tipo W Cable EPDM/CPE 2KV",0
107283,"4 AWG 5C tipo W Cable EPDM/CPE 2KV",0
107284,"8 AWG 5C tipo W Cable EPDM/CPE 2KV",0
107285,"2/0 AWG 1C tipo W Cable EPDM/CPE 2KV",0
107286,"4/0 AWG 1C tipo W Cable EPDM/CPE 2KV",0
107287,"4/0 AWG 1C tipo W Cable X-flexible EPDM/CPE 2KV",0
107288,"10 AWG 3 conductores SJOOW Cordón portátil 300V",1
107289,"14 AWG 4 conductores SJOOW Cordón portátil 300V",1
107290,"16 AWG 3 conductores SJOOW Cordón portátil 300V",1
107291,"10/1C FEP tipo K (37 STR) 200C 600V",0
107295,"12/1C FEP tipo K (19 STR) 200C 600V",0
107299,"16/1C FEP tipo K (19 STR) 150C 600V",0
107301,"12 AWG PTFE teflón",0
107306,"20 AWG PTFE teflón",0
107307,"20 AWG PTFE teflón,",0
107308,"20(19ST)TFE-E MIL-16878/4",0
107309,"20(19ST)TFE-E MIL-16878/4 GRN",0
107310,"20(19ST)TFE-E MIL-16878/4 BLU",0
107315,"24 AWG PTFE teflón,",0
107317,"24 AWG PTFE teflón",0
107319,"16/2P JX termopar SPOS 105C 300V PVC",0
107320,"16/2P KX termopar SPOS 105C 300V PVC",0
107321,"16/4P JX termopar SPOS 105C 300V PVC",0
107322,"16/8P JX termopar SPOS 105C 300V PVC",0
107323,"16/8P KX termopar SPOS 105C 300V PVC",0
107324,"16/12P JX termopar SPOS 105C 300V PVC",0
107325,"16/24P JX termopar SPOS 105C 300V PVC",0
107326,"16/24P KX termopar SPOS 105C 300V PVC",0
107327,"20/4P JX termopar SPOS 105C 300V PVC",0
107328,"20/4P KX termopar SPOS 105C 300V PVC",0
107329,"20/8P JX termopar SPOS 105C 300V PVC",0
107330,"20/8P KX termopar SPOS 105C 300V PVC",0
107331,"20/12P JX termopar SPOS 105C 300V PVC",0
107332,"20/12P KX termopar SPOS 105C 300V PVC",0
107333,"20/24P JX termopar SPOS 105C 300V PVC",0
107334,"20/24P KX termopar SPOS 105C 300V PVC",0
107335,"16/1P JX termopar apantallado 200C 300V FEP",0
107337,"20/24TR PLTC STOS 105C 300V PVC",1
107338,"4 AWG 133 hilos cobre desnudo PVC",1
107340,"6 AWG 133 hilos cobre desnudo PVC",1
107344,"16 AWG máquina herramienta cable UL 1007/1569",0
107349,"18 AWG máquina herramienta cable UL 1007/1569",0
107355,"10/5C VNTC N/S Cable para bandeja E1 600V ER",0
107356,"16/1PR OS W/drenaje FREP/CPE",1
107357,"16/2PR SPOS W/drenaje FREP/CPE",1
107358,"16/4PR SPOS W/drenaje FREP/CPE",1
107359,"16/6PR SPOS W/drenaje FREP/CPE",1
107360,"16/8PR SPOS W/drenaje FREP/CPE",1
107361,"16/9PR SPOS W/drenaje FREP/CPE",1
107362,"16/12PR SPOS W/drenaje FREP/CPE",1
107363,"16/16PR SPOS W/drenaje FREP/CPE",1
107364,"18/2PR SPOS W/drenaje FREP/CPE",1
107365,"18/4PR SPOS W/drenaje FREP/CPE",1
107366,"10/4C VNTC N/S Cable para bandeja E1 600V ER",0
107367,"4 AWG 1 Conductor 133 hilos MG Mica vidrio",0
107368,"6 AWG 1 Conductor 133 hilos MG Mica vidrio",0
107369,"8 AWG 1 Conductor 133 hilos MG Mica vidrio",0
107370,"1/0 AWG 1 Conductor 259 hilos MG Mica vidrio",0
107371,"2 AWG 1 Conductor 133 hilos TGGT teflón vidrio",0
107372,"4 AWG 1 Conductor 133 hilos TGGT teflón vidrio",0
107373,"6 AWG 1 Conductor 133 hilos TGGT teflón vidrio",0
107374,"8 AWG 1 Conductor 133 hilos TGGT teflón vidrio",0
107375,"10 AWG 1 Conductor 105 hilos MG Mica vidrio",0
107376,"12 AWG 1 Conductor 65 hilos MG Mica vidrio",0
107377,"14 AWG 1 Conductor 41 hilos MG Mica vidrio",0
107378,"16 AWG 1 Conductor 26 hilos MG Mica vidrio",0
107379,"18 AWG 1 Conductor 16 hilos MG Mica vidrio",0
107380,"4/0 AWG 1 Conductor 259 hilos TGGT teflón vidrio",0
107381,"1/1C SRML cable (259 hilos) 200C 600V",0
107382,"2/1C SRML cable (133 hilos) 200C 600V",0
107383,"4/1C SRML cable (133 hilos) 200C 600V",0
107384,"6/1C SRML cable (133 hilos) 150C 600V",0
107385,"8/1C SRML cable (133 hilos) 150C 600V",0
107386,"1/0-1C SRML cable (259 hilos) 200C 600V",0
107387,"12 AWG 3 conductores 19 hilos silicona caucho Motor conexión SRG-K",0
107388,"12 AWG 4 conductores 19 hilos silicona caucho Motor conexión SRG-K",0
107389,"12/5C(19STR) SRG-K CABLE 200C",0
107390,"14 AWG 3 conductores 7 hilos silicona caucho Motor conexión SRG-K",0
107391,"14 AWG 4 conductores 7 hilos silicona caucho Motor conexión SRG-K",0
107392,"14 AWG 5 conductores 7 hilos silicona caucho Motor conexión SRG-K",0
107393,"14 AWG 7 conductores 7 hilos silicona caucho Motor conexión SRG-K",0
107394,"2/0-1C SRML cable (259 hilos) 200C 600V",0
107395,"250/1C SRML cable (427 hilos) 200C 600V",0
107396,"3/0-1C SRML cable (259 hilos) 200C 600V",0
107397,"350/1C SRML cable (427 hilos) 200C 600V",0
107398,"4/0-1C SRML cable (259 hilos) 200C 600V",0
107399,"500/1C SRML cable (427 hilos) 200C 600V",0
107400,"10 AWG 1 Conductor 105 hilos TGGT teflón vidrio",0
107401,"12 AWG 1 Conductor 65 hilos TGGT teflón vidrio",0
107402,"14 AWG 1 Conductor 41 hilos TGGT teflón vidrio",0
107403,"16 AWG 1 Conductor 26 hilos TGGT teflón vidrio",0
107404,"18 AWG 1 Conductor 16 hilos TGGT teflón vidrio",0
107405,"10/1C SRML cable (SFF-2) 150C 600V",0
107409,"12/1C SRML cable (SFF-2) 150C 600V",0
107414,"14/1C SRML cable (SFF-2) 150C 600V",0
107419,"16/1C SRML cable (SFF-2) 150C 600V",0
107424,"18/1C SRML cable (SFF-2) 150C 600V",0
107427,"10/1C SRML cable (SF-2) 200C 600V",0
107429,"12/1C SRML cable (SF-2) 200C 600V",0
107431,"14/1C SRML cable (SF-2) 200C 600V",0
107434,"16/1C SRML cable (SF-2) 200C 600V",0
107438,"18/1C SRML cable (SF-2) 200C 600V",0
107440,"6 AWG 1 conductor cobre estañado SIS 90C",0
107442,"8 AWG 1 conductor cobre estañado SIS 90C BLK",0
107443,"8 AWG 1 conductor cobre estañado SIS 90C WHT",0
107444,"8 AWG 1 conductor cobre estañado SIS 90C",0
107447,"10 AWG 1 conductor cobre estañado SIS 90C",0
107454,"12 AWG 1 conductor cobre estañado SIS 90C",0
107456,"1 EPDM cobre estañado",0
107457,"2 EPDM cobre estañado",0
107458,"4 EPDM cobre estañado",0
107459,"6 EPDM cobre estañado",0
107460,"8 EPDM cobre estañado",0
107461,"1/0 EPDM cobre estañado",0
107462,"10 EPDM cobre estañado",0
107463,"2/0 EPDM cobre estañado",0
107464,"3/0 EPDM cobre estañado",0
107465,"4/0 EPDM cobre estañado",0
107466,"2 AWG 1 Conductor 133 hilos MG Mica vidrio",0
107467,"1/0 AWG 1 Conductor 259 hilos TGGT teflón vidrio",0
107468,"16/1P JX termopar sin apantallar 105C 300V PVC",0
108435,"2 AWG trenzado THHN THWN-2 cable de edificación",1
108436,"4 AWG trenzado THHN THWN-2 cable de edificación",1
108437,"6 AWG trenzado THHN THWN-2 cable de edificación",1
108439,"8 AWG trenzado THHN THWN-2 cable de edificación",1
108441,"1/0 AWG trenzado THHN THWN-2 cable de edificación",1
108443,"10 AWG sólido THHN THWN-2 cable de edificación",1
108448,"10 AWG sólido THHN THWN-2 cable de edificación verde/amarillo",1
108449,"10 AWG trenzado THHN THWN-2 cable de edificación",1
108459,"10 AWG trenzado THHN THWN-2 cable de edificación verde/amarillo",1
108460,"12 AWG sólido THHN THWN-2 cable de edificación",1
108481,"12 AWG trenzado THHN THWN-2 cable de edificación",1
108493,"14 AWG sólido THHN THWN-2 cable de edificación",1
108503,"14 AWG trenzado THHN THWN-2 cable de edificación",1
108506,"16 AWG sólido TFN",1
108516,"16 AWG trenzado TFFN",1
108527,"18 AWG sólido TFN",1
108535,"18 AWG trenzado TFFN",1
108546,"2/0 AWG trenzado THHN THWN-2 cable de edificación",1
108547,"3/0 AWG trenzado THHN THWN-2",1
108548,"4/0 AWG trenzado THHN THWN-2",1
108549,"2 AWG XLP USE-2",1
108552,"4 AWG XLP USE-2",1
108556,"6 AWG XLP USE-2",1
108560,"8 AWG XLP USE-2",1
108562,"1/0 AWG 19 hilos XLP USE-2",1
108563,"10 AWG XLP USE-2",1
108568,"12 AWG XLP USE-2",1
108572,"14 AWG XLP USE-2",1
108573,"2/0 AWG 19 hilos XLP USE-2",1
108575,"3/0 AWG 19 hilos XLP USE-2",1
108576,"350 37 hilos XLP USE-2",1
108577,"4/0 AWG 19 hilos XLP USE-2",1
108578,"1 AWG XHHW-2",1
108579,"2 AWG XHHW-2",1
108581,"3 AWG XHHW-2",1
108582,"4 AWG XHHW-2",1
108585,"6 AWG XHHW-2",1
108589,"8 AWG XHHW-2",1
108592,"8/1C(7STR) XHHW-2 600V",1
108593,"1/0 AWG 19 hilos XHHW-2",1
108595,"10 AWG XHHW-2",1
108605,"12 AWG XHHW-2",1
108616,"14 AWG XHHW-2",1
108626,"2/0 AWG 19 hilos XHHW-2",1
108628,"250 MCM 37 hilos XHHW-2",1
108629,"3/0 AWG 19 hilos XHHW-2",1
108630,"350 MCM 37 hilos XHHW-2",1
108631,"4/0 AWG 19 hilos XHHW-2",1
108633,"500 MCM 37 hilos XHHW-2",1
108634,"600 MCM 61 hilos XHHW-2",1
109001,"24 AWG 7 x 32 trenzado cobre estañado LO-CAP POLYPROPYLENE &#8211; INDIVIDUAL blindaje",0
109011,"22 AWG 7 x 30 trenzado TC &#8211; BRAIDED blindaje",1
109013,"18 AWG 2 conductores SJOOW Cordón portátil 300V",1
9-10-5W-A19,"10.5W/A19/OMNI-LED/3500K/120V -10.5W 120V A19 3500",0
9-10BR30-LED-270,"10BR30 LED 2700K 750L E26 -10W 120V 2700K BR30 LED",0
1000A,"Belden 1000A — 16/1P JX termopar extensión Cable apantallado CMG/ITC/PLTC PVC/PVC 300V",1
1018A,"Belden 1018A — 16/1P KX termopar extensión Cable apantallado CMG/ITC/PLTC PVC/PVC 300V",1
1030A,"Belden 1030A — 16/1P 300V Cable PLTC BC apantallado PLTC/ITC/CMG PVC/PVC",1
1031A,"Belden 1031A — 16/1T 300V Cable PLTC BC apantallado PLTC/ITC/CMG PVC/PVC",1
1032A,"Belden 1032A — 18/1P 300V Cable PLTC BC apantallado PLTC/ITC/CMG PVC/PVC",1
1033A,"Belden 1033A — 20/1P 300V Cable PLTC BC apantallado PLTC/ITC/CMG PVC/PVC",1
1035A,"Belden 1035A — 16/1P 300V Cable PLTC BC NS PLTC/ITC/CMG PVC/PVC",1
1036A,"Belden 1036A — 18/1TR 300V Cable PLTC BC apantallado PLTC/ITC/CMG PVC/PVC",1
1037A,"Belden 1037A — 16/3P 600V Cable para bandeja BC I/O blindaje TC-ER/NPLF PVCNYL/PVC",1
1039A,"Belden 1039A — 16/4P 600V Cable para bandeja BC I/O blindaje TC-ER/NPLF PVCNYL/PVC",1
1040A,"Belden 1040A — 16/6P 600V Cable para bandeja BC I/O blindaje TC-ER/NPLF PVCNYL/PVC",1
1041A,"Belden 1041A — 16/8P 600V Cable para bandeja BC I/O blindaje TC-ER/NPLF PVCNYL/PVC",1
1042A,"Belden 1042A — 16/12P 600V Cable para bandeja BC I/O blindaje TC-ER/NPLF PVCNYL/PVC",1
1043A,"Belden 1043A — 16/16P 600V Cable para bandeja BC I/O blindaje TC-ER/NPLF PVCNYL/PVC",1
1045A,"Belden 1045A — 16/24P 600V Cable para bandeja BC I/O blindaje TC-ER/NPLF PVCNYL/PVC",1
1046A,"Belden 1046A — 16/36P 600V Cable para bandeja BC I/O blindaje TC-ER/PNLF PVCNYL/PVC",1
1048A,"Belden 1048A — 18/2P 600V Cable para bandeja BC I/O blindaje TC-ER/NPLF PVCNYL/PVC",1
1049A,"Belden 1049A — 18/4P 600V Cable para bandeja BC I/O blindaje TC-ER/NPLF PVCNYL/PVC",1
1050A,"Belden 1050A — 18/8P 600V Cable para bandeja BC I/O blindaje TC-ER/NPLF PVCNYL/PVC",1
1051A,"Belden 1051A — 18/12P 600V Cable para bandeja BC I/O blindaje TC-ER/NPLF PVCNYL/PVC",1
1052A,"Belden 1052A — 18/16P 600V Cable para bandeja BC I/O blindaje TC-ER/NPLF PVCNYL/PVC",1
1053A,"Belden 1053A — 18/24P 600V Cable para bandeja BC I/O blindaje TC-ER/NPLF PVCNYL/PVC",1
1055A,"Belden 1055A — 16/2P 600V Cable para bandeja BC I/O blindaje TC-ER/NPLF PVCNYL/PVC",1
1056A,"Belden 1056A — 20/4P-22/1C 300V Cable PLTC BC apantallado PLTC/ITC/CMG PVC/PVC",1
1058A,"Belden 1058A — 20/12P-22/1C 300V Cable PLTC BC apantallado PLTC/ITC/CMG PVC/PVC",1
1063A,"Belden 1063A — 18/2P 600V Cable para bandeja BC apantallado TC-ER/NPLF PVCNYL/PVC",1
1069A,"Belden 1069A — 16/2P 600V Cable para bandeja BC apantallado TC-ER/NPLF PVCNYL/PVC",1
1076A,"Belden 1076A — 20/4P-22/1C 300V Cable PLTC BC I/O blindaje PLTC/ITC/CMG PVC/PVC",1
1077A,"Belden 1077A — 20/8P-22/1C 300V Cable PLTC BC I/O blindaje PLTC/ITC/CMG PVC/PVC",1
1078A,"Belden 1078A — 20/12P-22/1C 300V Cable PLTC BC I/O blindaje PLTC/ITC/CMG PVC/PVC",1
1080A,"Belden 1080A — 20/24P-22/1C 300V Cable PLTC BC I/O blindaje PLTC/ITC/CMG PVC/PVC",1
1094A,"Belden 1094A — 18/8TR 600V Cable para bandeja BC I/O blindaje TC-ER/NPLF PVCNYL/PVC",1
1097A,"Belden 1097A — 16/4TR 600V Cable para bandeja BC I/O blindaje TC-ER/NPLF PVCNYL/PVC",1
1098A,"Belden 1098A — 16/8TR 600V Cable para bandeja BC I/O blindaje TC-ER/NPLF PVCNYL/PVC",1
1099A,"Belden 1099A — 16/12TR 600V Cable para bandeja BC I/O blindaje TC-ER/NPLF PVCNYL/PVC",1
1118A,"Belden 1118A — 16/1P 600V Cable para bandeja BC apantallado TC/NPLF PVCNYL/PVC",1
1119A,"Belden 1119A — 16/1TR 600V Cable para bandeja BC apantallado TC-ER/NPLF PVCNYL/PVC",1
1120A,"Belden 1120A — 18/1P 600V Cable para bandeja BC apantallado TC/NPLF PVCNYL/PVC",1
1121A,"Belden 1121A — 18/1TR 600V Cable para bandeja BC apantallado TC-ER/NPLF PVCNYL/PVC",1
1153A,"Belden 1153A — coaxial &#8211; CATV Cable 14AWG SERIES 11 CATV PLENUM",1
11700A,"Belden 11700A — 24/4P Cat5e DataTuff Cable BC NS CMR PO/PVC/PVC 300V",1
1189A,"Belden 1189A — coaxial &#8211; Broadband CATV coaxial Cable RG6 cuádruple SHLD CATV",1
121700A,"Belden 121700A — Cable multiconductor 24/4PR trenzado par Cat 5e DataTuff Armored",1
121872A,"Belden 121872A — Cable multiconductor &#8211; categoría 6 DataTuff trenzado par Cable 23/4PR CAT6E DATATUFF",1
123072F,"Belden 18/2C — TC TWINAX MSHA AIA",1
123092A,"Belden RG6/U — cuádruple SHLD coaxial AIA",0
123105A,"Belden 123105A — 22/1P TC DATALENE/PVC SHLD AIA",1
129463,"Belden 129463 — Twinax &#8211; azul manguera Cable 20/2C TC PE/PVC azul manguera AIA",1
129730,"Belden 129730 — 24/3P DATALENE/PVC ISHLD AIA",0
1300A,"Belden 1300A — Cable multiconductor &#8211; Wireless LAN 24/4PR PO/PVC apantallado",1
1310A,"Belden 1310A — 14/4C Cable de altavoz HCBC NS CM PE/PVC 300V",1
1319SB,"Belden 1319SB — Cable multiconductor &#8211; categoría 6 UTP &#8211; ABS tipo Approved 23/4PR sólido BC CAT 6 UTP",1
1325A,"Belden 1325A — 22/2P Cable de altavoz TC interno blindaje CMP Flamarrest PVC/PVC 300V",1
1335A,"Belden 1335A — 16/2C Cable Fieldbus Cable TC apantallado CM PP/PVC 300V",1
1348A,"Belden 1348A — Cable multiconductor &#8211; CC Link Certified Cable 20/3C PE/PVC CC-LINK CERTIFIED",1
1419A,"Belden 1419A — 24/2P RS-232/422 bajo Cap Cable TC apantallado CM Datalene PE/PVC 300V",1
1420A,"Belden 1420A — 24/3P RS-232/422 bajo Cap Cable TC apantallado CM Datalene PE/PVC 300V",1
1421A,"Belden 1421A — 24/4P RS-232/422 bajo Cap Cable TC apantallado CM Datalene PE/PVC 300V",1
1467A,"Belden 1467A — 18/8P-22/1C 300V Cable PLTC BC apantallado PLTC/ITC/CMG PVC/PVC",1
1474A,"Belden 1474A — 18/2P-22/1C 300V Cable PLTC BC I/O blindaje PLTC/ITC/CMG PVC/PVC",1
1475A,"Belden 1475A — 18/4P-22/1C 300V Cable PLTC BC I/O blindaje PLTC/ITC/CMG PVC/PVC",1
1476A,"Belden 1476A — 18/8P-22/1C 300V Cable PLTC BC I/O blindaje PLTC/ITC/CMG PVC/PVC",1
1477A,"Belden 1477A — Multi-Conductor &#8211; 300V Cable PLTC 18/12P BC PVC/PVC IOSHLD",1
1492A,"Belden 1492A — 16/2P-22/1C 300V Cable PLTC BC I/O blindaje PLTC/ITC/CMG PVC/PVC",1
1493A,"Belden 1493A — 16/4P-22/1C 300V Cable PLTC BC I/O blindaje PLTC/ITC/CMG PVC/PVC",1
1502P,"Belden 1502P — 22/1P-18/2C Media Cable de control TC interno blindaje CMP FEP/PVC 300V",1
1502R,"Belden 1502R — 22/1P-18/2C Media Cable de control TC interno blindaje CMR FPE/PVC 300V",1
1505A,"Belden 1505A — coaxial &#8211; RG-59/U tipo RG59/U sólido BC DUOFOIL",1
1526A,"Belden 1526A — coaxial &#8211; RG-59/U tipo 20/1TR BC PVC/PVC SHLD",1
1529A,"Belden 1529A — 18/3P-22/1C 300V Cable PLTC BC apantallado PLTC/ITC/CMG PVC/PVC",1
1533R,"Belden 1533R — 24/4P Cat5e Cable F/UTP CMR PVC negro 1000 ft (carrete)",1
1583A,"Belden 1583A — 24/4P Cat5e Cable U/UTP CMR PVC negro 1000 ft (carrete)",1
1583AU,"Belden 1583AU — 24/4P Cat5e Cable U/UTP CMR PVC negro 1000 ft (carrete)",1
1583AU2,"Belden 1583AU2 — 24/4P Cat5e Cable U/UTP CMR PVC blanco 1000 ft (carrete)",1
1583AU3,"Belden 1583AU3 — 24/4P Cat5e Cable U/UTP CMR PVC Red 1000 ft (carrete)",1
1583AU4,"Belden 1583AU4 — 24/4P Cat5e Cable U/UTP CMR PVC verde 1000 ft (carrete)",1
1583AU5,"Belden 1583AU5 — 24/4P Cat5e Cable U/UTP CMR PVC azul 1000 ft (carrete)",1
1583AU6,"Belden 1583AU6 — 24/4P Cat5e Cable U/UTP CMR PVC gris 1000 ft (carrete)",1
1583AU7,"Belden 1583AU7 — 24/4P Cat5e Cable U/UTP CMR PVC naranja 1000 ft (carrete)",1
1583AU8,"Belden 1583AU8 — 24/4P Cat5e Cable U/UTP CMR PVC amarillo 1000 ft (carrete)",1
1583B,"Belden 1583B — 24/4P Cat5e Cable U/UTP CMR PVC rosa 1000 ft (carrete)",1
1585A,"Belden 1585A — 24/4P Cat5e Cable U/UTP CMP PVC negro 1000 ft (carrete)",1
1585AU,"Belden 1585AU — 24/4P Cat5e Cable U/UTP CMP PVC negro 1000 ft (carrete)",1
1585AU2,"Belden 1585AU2 — 24/4P Cat5e Cable U/UTP CMP PVC blanco 1000 ft (carrete)",1
1585AU3,"Belden 1585AU3 — 24/4P Cat5e Cable U/UTP CMP PVC Red 1000 ft (carrete)",1
1585AU4,"Belden 1585AU4 — 24/4P Cat5e Cable U/UTP CMP PVC verde 1000 ft (carrete)",1
1585AU5,"Belden 1585AU5 — 24/4P Cat5e Cable U/UTP CMP PVC azul 1000 ft (carrete)",1
1585AU6,"Belden 1585AU6 — 24/4P Cat5e Cable U/UTP CMP PVC gris 1000 ft (carrete)",1
1585AU7,"Belden 1585AU7 — 24/4P Cat5e Cable U/UTP CMP PVC naranja 1000 ft (carrete)",1
1585B,"Belden 1585B — 24/4P Cat5e Cable U/UTP CMP PVC rosa 1000 ft (carrete)",1
1624P-5,"Belden 1624P-5 — 24/4P Cat5 Cable F/UTP CMP PVC azul 1000 ft (carrete)",1
1624R-4,"Belden 1624R-4 — 24/4P Cat5 Cable F/UTP CMR PVC verde 1000 ft (carrete)",1
1624R-5,"Belden 1624R-5 — 24/4P Cat5 Cable F/UTP CMR PVC azul 1000 ft (carrete)",1
1624R-6,"Belden 1624R-6 — 24/4P Cat5 Cable F/UTP CMR PVC gris 1000 ft (carrete)",1
1694A,"Belden 1694A — 18 AWG 75 Ohm SDI coaxial RG-6 Cable BC apantallado CMR FPE/PVC 300V",1
1695A,"Belden 1695A — coaxial &#8211; bajo Loss Serial Digital coaxial RG6 sólido BC DUOFOIL/malla CMP",1
1700AU5,"Belden 1700AU5 — 24/4P Cat5e+ Cable U/UTP CMR PVC azul 1000 ft (carrete)",1
1700AU8,"Belden 1700AU8 — 24/4P Cat5e+ Cable U/UTP CMR PVC amarillo 1000 ft (carrete)",1
1752A,"Belden 1752A — 24/4P Cat5e+ Patch Cable U/UTP CM PVC azul 1000 ft (carrete)",1
183076F,"Belden 183076F — Cable multiconductor &#8211; Cont. Armor DataBus ISA/SP-50 FOUNDATION Fieldbus/Profibus 1",0
183092A,"Belden 183092A — coaxial &#8211; ControlNet cuádruple apantallado coaxial RG6/U cuádruple SHLD coaxial CCW",0
1872A-5,"Belden 1872A-5 — 23/4P Cat6+ Cable U/UTP CMR PVC azul 1000 ft (carrete)",1
19122,"Belden 19122 — 18/2C Cordón portátilage Cable tipo SPT-1 BC NS PVC/PVC 300V",1
19364,"Belden 19364 — 14/3C Cordón portátilage Cable tipo SJT BC apantallado PVC/PVC 300V",1
19402,"Belden 19402 — 18/3C Cordón portátilage Cable tipo SVT BC NS PVC/PVC 300V",1
19510,"Belden 19510 — 16/3C Cordón portátilage Cable tipo SJTOW-A BC NS PVC/PVC 300V",1
2412-2,"Belden 2412-2 — 23/4P Cat6+ mejorado Cable U/UTP CMR PVC blanco 1000 ft (carrete)",1
2412-4,"Belden 2412-4 — 23/4P Cat6+ mejorado Cable U/UTP CMR PVC verde 1000 ft (carrete)",1
2412-5,"Belden 2412-5 — 23/4P Cat6+ mejorado Cable U/UTP CMR PVC azul 1000 ft (carrete)",1
2413-2,"Belden 2413-2 — 23/4P Cat6+ mejorado Cable U/UTP CMP PVC blanco 1000 ft (carrete)",1
2413-5,"Belden 2413-5 — 23/4P Cat6+ mejorado Cable U/UTP CMP PVC azul 1000 ft (carrete)",1
27254,"Belden 27254 — Cable multiconductor &#8211; 600V tipo MC Metal Clad Cable 12/2C PLUS GRD XLP/PVC AIA",0
29500,"Belden 29500 — 16/3C Cable VFD w/tierra Flexible Motor alimentación XLPE/PVC 1000V",1
29501,"Belden 29501 — 14/3C Cable VFD w/tierra Flexible Motor alimentación XLPE/PVC 1000V",1
29502,"Belden 29502 — 12/3C Cable VFD w/tierra Flexible Motor alimentación XLPE/PVC 1000V",1
29503,"Belden 29503 — 10/3C Cable VFD w/tierra Flexible Motor alimentación XLPE/PVC 1000V",1
29504,"Belden 29504 — 8/3C Cable VFD w/tierra Flexible Motor alimentación XLPE/PVC 1000V",1
29505,"Belden 29505 — 6/3C Cable VFD w/tierra Flexible Motor alimentación XLPE/PVC 1000V",1
29506,"Belden 29506 — 4/3C Cable VFD w/tierra Flexible Motor alimentación XLPE/PVC 1000V",1
29507,"Belden 29507 — 2/3C Cable VFD w/tierra Flexible Motor alimentación XLPE/PVC 1000V",1
29512,"Belden 29512 — 12/3C + 16/1P compuesto Cable VFD w/tierra Flexible Motor alimentación XLPE/PVC 1000V",1
29513,"Belden 29513 — 10/3C + 16/1P compuesto Cable VFD w/tierra Flexible Motor alimentación XLPE/PVC 1000V",1
29520C,"Belden 29520C — 16/3C Cable VFD w/tierras XLPE/PVC 600V",1
29521C,"Belden 29521C — 14/3C Cable VFD w/tierras XLPE/PVC 600/1000V",1
29522C,"Belden 29522C — 12/3C Cable VFD w/tierras XLPE/PVC 600/1000V",1
29523C,"Belden 29523C — 10/3C Cable VFD w/tierras XLPE/PVC 600/1000V",1
29524C,"Belden 29524C — 8/3C Cable VFD w/tierras XLPE/PVC 600/1000V",1
29525C,"Belden 29525C — 6/3C Cable VFD w/tierras XLPE/PVC 600/1000V",1
29526C,"Belden 29526C — 4/3C Cable VFD w/tierras XLPE/PVC 600/1000V",1
29527C,"Belden 29527C — 2/3C Cable VFD w/tierras XLPE/PVC 600/1000V",1
29528,"Belden 29528 — 1/3C Cable VFD w/tierras Flexible Motor alimentación XLPE/PVC 1000V",1
29528C,"Belden 29528C — 1/3C Cable VFD w/tierras XLPE/PVC 600/1000V",1
29529,"Belden 29529 — 1/0-3C Cable VFD w/tierras Flexible Motor alimentación XLPE/PVC 1000V",1
29529C,"Belden 29529C — 1/0-3C Cable VFD w/tierras XLPE/PVC 600/1000V",1
29530,"Belden 29530 — 2/0-3C Cable VFD w/tierras Flexible Motor alimentación XLPE/PVC 1000V",1
29530C,"Belden 29530C — 2/0-3C Cable VFD w/tierras XLPE/PVC 600/1000V",1
29531,"Belden 29531 — 3/0-3C Cable VFD w/tierras Flexible Motor alimentación XLPE/PVC 1000V",1
29531C,"Belden 29531C — 3/0-3C Cable VFD w/tierras XLPE/PVC 600/1000V",1
29532,"Belden 29532 — 4/0-3C Cable VFD w/tierras Flexible Motor alimentación XLPE/PVC 1000V",1
29532C,"Belden 29532C — 4/0-3C Cable VFD w/tierras XLPE/PVC 600/1000V",1
29534,"Belden 29534 — 350/3C Cable VFD w/tierras XLPE/PVC 2000V",1
3025A,"Belden 3025A — 18/2P-22/1C 300V Cable PLTC BC apantallado PLTC/ITC/CMG PVC/PVC",1
3072F,"Belden 3072F — 18/1P DataTray Twinaxial azul manguera Cable TC apantallado PLTC/TC PP/PVC 600V",1
3073F,"Belden 3073F — 18/1P DataTray 100Ω Twinax Cable TC apantallado PLTC/ITC/CMG/TC PP/PVC 600V",1
3074F,"Belden 3074F — 18/1P DataTray 120Ω Twinax Cable TC apantallado PLTC/ITC/CMG/TC PP/PVC 600V",1
3076F,"Belden 3076F — 18/1P Cable Fieldbus Cable TC apantallado PLTC-ER/ITC-ER/CMX/CM PP/PVC 300V",1
3076F-5,"Belden 3076F-5 — 18/1P Cable Fieldbus Cable TC apantallado PLTC-ER/ITC-ER/CMX/CM PP/PVC 300V",1
3079A-6,"Belden 3079A-6 — 22/1P Cable DataBus Profibus Cable BC apantallado PLTC/CMG PE/PVC 300V",1
3079E,"Belden 3079E — 22/1P Cable DataBus Profibus Cable BC apantallado PLTC/CMG PE/PVC 300V",1
3080A,"Belden 3080A — 14/1P 600V Cable para bandeja BC apantallado TC/NPLF/THHN PVCNYL/PVC",1
3082A,"Belden 3082A — 15/1P-18/1P DeviceBus Cable TC I/O blindaje CMG/PLTC-ER PVC/FPE/PVC 300V",1
3082F,"Belden 3082F — 15/1P-18/1P DeviceBus alta flexión Cable TC I/O blindaje CMG/PLTC PVC/FPE/PVC 300V",1
3083A,"Belden 3083A — 15/1P-18/1P DeviceBus Cable TC I/O blindaje CMG/PLTC-ER PVC/FPE/CPE 300V",1
3084A,"Belden 3084A — 22/1P-24/1P DeviceBus Cable TC I/O blindaje CMG/CL2 PVC/FPE/PVC 300V",1
3084F,"Belden 3084F — 22/1P-24/1P DeviceBus alta flexión Cable TC I/O blindaje CMG/CL2 PVC/PP/PVC 300V",1
3085A,"Belden 3085A — 22/1P-24/1P DeviceBus Cable TC I/O blindaje CMG/CL2 PVC/FPE/CPE 300V",1
3087A,"Belden 3087A — 22/2P DeviceBus for Honeywell SDS TC interno blindaje CL2 FPE/PVC 300V",1
3088A,"Belden 3088A — 18/1P 600V Cable para bandeja BC apantallado TC/NPLF PVCNYL/PVC",1
3089A,"Belden 3089A — 18/1TR 600V Cable para bandeja BC apantallado TC-ER/NPLF PVCNYL/PVC",1
3090A,"Belden 3090A — 16/1P 600V Cable para bandeja BC apantallado TC/NPLF PVCNYL/PVC",1
3090AE,"Belden 3090AE — 16/1P 600V Cable para bandeja w/tierra BC apantallado TC-ER/NPLF PVCNYL/PVC",1
3091A,"Belden 3091A — 16/1TR 600V Cable para bandeja BC apantallado TC-ER/NPLF PVCNYL/PVC",1
3092A,"Belden 3092A — 18 AWG coaxial RG-6/U ControlBus Cable BCCS cuádruple blindaje CMR FPE/PVC 300V",1
3092A-5,"Belden 3092A-5 — 18 AWG coaxial RG-6/U ControlBus Cable BCCS cuádruple blindaje CMR FPE/PVC 300V",1
3092F,"Belden 3092F — 20 AWG coaxial RG-6/U ControlBus Cable BC cuádruple blindaje CMR FPE/PVC 300V",1
3093A,"Belden 3093A — 18 AWG coaxial RG-6/U ControlBus Cable BCCS cuádruple blindaje CMP FFEP/PVDF 300V",1
3094A,"Belden 3094A — 14 AWG coaxial RG-11/U ControlBus Cable BCCS cuádruple blindaje CMR FPE/PVC 300V",1
3105A,"Belden 3105A — 22/1P EIA Industrial RS-485 Cable TC apantallado PLTC/CM PE/PVC 300V",1
3106A,"Belden 3106A — 22/1P + 22/1C EIA Industrial RS-485 Cable TC apantallado PLTC/CM PE/PVC 300V",1
3107A,"Belden 3107A — 22/2P EIA Industrial RS-485 Cable TC apantallado PLTC/CM PE/PVC 300V",1
3108A,"Belden 3108A — 22/3P EIA Industrial RS-485 Cable TC apantallado PLTC/CM PE/PVC 300V",1
3109A,"Belden 3109A — 22/4P EIA Industrial RS-485 Cable TC apantallado PLTC/CM PE/PVC 300V",1
3120A,"Belden 3120A — 24/3P DeviceBus Cable TC apantallado AWM 20233 PE/PUR 300V",1
3125A,"Belden 3125A — 16/1P-22/1P DeviceBus Cable TC apantallado CM FPE/FPE/PVC 300V",1
34410,"Belden 34410 — de conexión/conexión &#8211; UL AWM estilo 3191 10/1C TC HYPALON",1
34414,"Belden 34414 — de conexión/conexión &#8211; UL AWM estilo 3191 14/1C TC HYPALON",1
34418,"Belden 34418 — de conexión/conexión &#8211; UL AWM estilo 3191 18/1C TC HYPALON",1
37104,"Belden 37104 — de conexión/conexión &#8211; UL AWM estilo 3340 y 3374 4/1C TC EPDM",1
37110,"Belden 37110 — de conexión/conexión &#8211; UL AWM estilo 3340 y 3374 10/1C TC EPDM",1
37112,"Belden 37112 — de conexión/conexión &#8211; UL AWM estilo 3340 y 3374 12/1C TC EPDM",1
37114,"Belden 37114 — de conexión/conexión &#8211; UL AWM estilo 3340 y 3374 14/1C TC EPDM",1
37118,"Belden 37118 — de conexión/conexión &#8211; UL AWM estilo 3340 y 3374 18/1C TC EPDM",1
37540,"Belden 37540 — de conexión/conexión &#8211; UL AWM estilo 3499 4/0-1C EPDM TC 805*26 TC",1
5000FE,"Belden 5000FE — Cable multiconductor &#8211; sistemas de audio comercial &#8211; 2 conductores cableados 12/2C BC PVC/P",1
5000UE,"Belden 5000UE — 12/2C Cable de altavoz BC NS CL3R-FPLR PP/PVC 300V gris 1000 ft (carrete)",1
5000UP,"Belden 5000UP — 12/2C Cable de altavoz BC NS CL3 PVC/PVC 300V negro 1000 ft (carrete)",1
5020UL,"Belden 5020UL — 12/2C incendio Cable de alarma BC NS FPLR PP/PVC 300V Red 1000 ft (carrete)",1
5100FE,"Belden 5100FE — Cable multiconductor &#8211; sistemas de audio comercial &#8211; 2 conductores cableados 14/2C BC PVC/P",1
5100UE,"Belden 5100UE — 14/2C Cable de altavoz BC NS CL3R-FPLR PP/PVC 300V gris 500 ft (carrete)",1
5101UE,"Belden 5101UE — Cable multiconductor &#8211; sistemas de audio comercial 14/3C BC PVC/PVC",1
5102UE,"Belden 5102UE — Cable multiconductor &#8211; aplicaciones comerciales 14/4C BC PVC/PVC",1
5120FJ,"Belden 5120FJ — Cable multiconductor &#8211; aplicaciones comerciales, direccionable sistemas &#8211; 2 Cond cableados",1
5120UL,"Belden 5120UL — 14/2C incendio Cable de alarma BC NS FPLR PP/PVC 300V Red 500 ft (carrete)",1
5200FE,"Belden 5200FE — Cable multiconductor &#8211; sistemas de audio comercial &#8211; 2 conductores cableados 16/2C BC PVC/P",1
5200UE,"Belden 5200UE — 16/2C Cable de altavoz BC NS CMR PO/PVC 300V gris 500 ft (carrete)",1
5201FE,"Belden 5201FE — Cable multiconductor &#8211; sistemas de audio comercial 16/3C BC PVC/PVC SHLD",1
5201UE,"Belden 5201UE — Cable multiconductor &#8211; sistemas de audio comercial 16/3C BC PVC/PVC",1
5202FE,"Belden 5202FE — Cable multiconductor &#8211; aplicaciones comerciales 16/4C BC PVC/PVC SHLD",1
5202UE,"Belden 5202UE — Cable multiconductor &#8211; aplicaciones comerciales 16/4C BC PVC/PVC",1
5220FJ,"Belden 5220FJ — Cable multiconductor &#8211; aplicaciones comerciales &#8211; 2 Cond cableados 16/2C BC FHDPE/PVC SH",1
5220FL,"Belden 5220FL — 16/2C incendio Cable de alarma BC apantallado FPLR PP/PVC 300V Red 1000 ft (carrete)",1
5220UL,"Belden 5220UL — 16/2C incendio Cable de alarma BC NS FPLR PP/PVC 300V Red 1000 ft (carrete)",1
5222FL,"Belden 5222FL — Cable multiconductor &#8211; aplicaciones comerciales 16/4C SBC PVC/PVC SHLD",1
5222UL,"Belden 5222UL — Cable multiconductor &#8211; aplicaciones comerciales 16/4C SBC PVC/PVC",1
5240F1,"Belden 5240F1 — 16/1P Cable de altavoz TC apantallado CMG-FPL-PLTC PVC/PVC 300V negro 1000 ft (carrete)",1
5240U1,"Belden 5240U1 — Cable multiconductor &#8211; Water Resistant 16/1P TC PVC/PVC sin apantallar",1
5300FE,"Belden 5300FE — 18/2C Cable de altavoz BC apantallado CMR PO/PVC 300V gris 1000 ft (carrete)",1
5300UE,"Belden 5300UE — 18/2C Cable de altavoz BC NS CMR PO/PVC 300V gris 1000 ft (carrete)",1
5301FE,"Belden 5301FE — Cable multiconductor &#8211; sistemas de audio comercial 18/3C BC PVC/PVC SHLD",1
5301UE,"Belden 5301UE — Cable multiconductor &#8211; sistemas de audio comercial 18/3C BC PVC/PVC",1
5302FE,"Belden 5302FE — Cable multiconductor &#8211; aplicaciones comerciales 18/4C BC PVC/PVC SHLD",1
5302GE,"Belden 5302GE — Cable multiconductor &#8211; aplicaciones comerciales 18/2C + 18/1PR SHLD PVC/PVC",1
5302UE,"Belden 5302UE — Cable multiconductor &#8211; aplicaciones comerciales 18/4C BC PVC/PVC",1
5303FE,"Belden 5303FE — Cable multiconductor &#8211; aplicaciones comerciales 18/5C BC PVC/PVC SHLD",1
5304FE,"Belden 5304FE — Cable multiconductor &#8211; aplicaciones comerciales 18/6C BC PVC/PVC SHLD",1
5304UE,"Belden 5304UE — 18/6C Cable de altavoz BC NS CMR PO/PVC 300V gris 1000 ft (carrete)",1
5306FE,"Belden 5306FE — Cable multiconductor &#8211; aplicaciones comerciales 18/8C BC PVC/PVC SHLD",1
5306UE,"Belden 5306UE — Cable multiconductor &#8211; aplicaciones comerciales 18/8C BC PVC/PVC",1
5307FE,"Belden 5307FE — Cable multiconductor &#8211; aplicaciones comerciales 18/9C BC PVC/PVC SHLD",1
5308UE,"Belden 5308UE — Cable multiconductor &#8211; aplicaciones comerciales 18/10C BC PVC/PVC",1
5320FJ,"Belden 5320FJ — Cable multiconductor &#8211; aplicaciones comerciales direccionable sistemas &#8211; 2 Cond cableados 1",1
5320FL,"Belden 5320FL — 18/2C incendio Cable de alarma BC apantallado FPLR PP/PVC 300V Red 1000 ft (carrete)",1
5320UL,"Belden 5320UL — 18/2C incendio Cable de alarma BC NS FPLR PP/PVC 300V Red 1000 ft (carrete)",1
5321UE,"Belden 5321UE — Cable multiconductor &#8211; sistemas de audio comercial 18/3C sólido BC PVC/PVC",0
5322FL,"Belden 5322FL — Cable multiconductor &#8211; aplicaciones comerciales 18/4C SBC PVC/PVC SHLD",1
5322UL,"Belden 5322UL — Cable multiconductor &#8211; aplicaciones comerciales 18/4C SBC PVC/PVC",1
533945,"Belden 533945 — coaxial &#8211; vigilancia y CCTV aplicaciones 18 SOL BC RG6 tipo 95%BC",1
5339W5,"Belden 5339W5 — coaxial &#8211; vigilancia y CCTV aplicaciones 18 SOL BC RG6 tipo 60%",0
5341FE,"Belden 5341FE — Cable multiconductor &#8211; aplicaciones comerciales 18/2P BC PVC/PVC SHLD",1
5341UE,"Belden 5341UE — Cable multiconductor &#8211; aplicaciones comerciales 18/2P BC PVC/PVC",1
538AFS,"Belden 538AFS — compuesto &#8211; cerradura potencia lector de tarjeta puerta contacto REX aplicaciones ACCESS CONTROL BANA",1
5400FE,"Belden 5400FE — Cable multiconductor &#8211; sistemas de audio comercial &#8211; 2 conductores cableados 20/2C BC PVC/P",1
5400FEU,"Belden 20/2C — BC PVC/PVC SHLD",0
5401FE,"Belden 5401FE — Cable multiconductor &#8211; sistemas de audio comercial 20/3C BC PVC/PVC SHLD",1
5402FE,"Belden 5402FE — Cable multiconductor &#8211; aplicaciones comerciales 20/4C BC PP/PVC SHLD",1
5402FEU,"Belden 20/4C — BC PP/PVC SHLD",0
5403FE,"Belden 5403FE — 20/5C Cable de altavoz BC apantallado CMR PP/PVC 300V gris 1000 ft (carrete)",1
543945W,"Belden 543945 — Surveilance y CCTV Cable, RG59, Rated-CMG, 20 AWG cobre desnudo sólido, foamed polyol",1
5439W5,"Belden 5439W5 — coaxial &#8211; CCTV, CATV y MATV aplicaciones 20 SOL BC RG59TYPE 95%BC",0
549945,"Belden 549945 — compuesto &#8211; CCTV Plus Audio or potencia or Pan y Tilt CCTV Control aplicaciones RG59",1
5500FE,"Belden 5500FE — Cable multiconductor &#8211; sistemas de audio comercial &#8211; 2 conductores cableados 22/2C BC PVC/P",1
5500UE,"Belden 5500UE — 22/2C Cable de altavoz BC NS CMR PP/PVC 300V gris 1000 ft (carrete)",1
5501FE,"Belden 5501FE — Cable multiconductor &#8211; sistemas de audio comercial 22/3C BC PVC/PVC SHLD",1
5501UE,"Belden 5501UE — Cable multiconductor &#8211; sistemas de audio comercial 22/3C BC PVC/PVC",1
5502FE,"Belden 5502FE — Cable multiconductor &#8211; aplicaciones comerciales 22/4C BC PVC/PVC SHLD",1
5502UE,"Belden 22/4C — BC PVC/PVC 1000&#8242; gris UNBOX",1
5504FE,"Belden 5504FE — Cable multiconductor &#8211; aplicaciones comerciales 22/6C BC PVC/PVC SHLD",1
5504UE,"Belden 5504UE — Cable multiconductor &#8211; aplicaciones comerciales 22/6C BC PVC/PVC",1
5506FE,"Belden 5506FE — Cable multiconductor &#8211; aplicaciones comerciales 22/8C BC PVC/PVC SHLD",1
5506UE,"Belden 5506UE — Cable multiconductor &#8211; aplicaciones comerciales 22/8C BC PVC/PVC",1
5508FE,"Belden 5508FE — Cable multiconductor &#8211; aplicaciones comerciales 22/10C BC PVC/PVC SHLD",1
5508UE,"Belden 5508UE — Cable multiconductor &#8211; aplicaciones comerciales 22/10C BC PVC/PVC",1
5509UE,"Belden 5509UE — Cable multiconductor &#8211; aplicaciones comerciales 22/12C BC PVC/PVC",1
5541FE,"Belden 5541FE — Cable multiconductor &#8211; aplicaciones comerciales 22/2P BC PVC/PVC SHLD",1
558AFS,"Belden 558AFS — compuesto &#8211; cerradura potencia lector de tarjeta puerta contacto REX aplicaciones ACCESS CONTROL BAN",1
6000FE,"Belden 6000FE — 12/2C Cable de altavoz BC apantallado CL2P Flamarrest PVC/PVC 300V Natural 1000 ft (carrete)",1
6000UE,"Belden 6000UE — 12/2C Cable de altavoz BC NS CL2P Flamarrest PVC/PVC 300V Natural 1000 ft (carrete)",1
6002UE,"Belden 6002UE — 12/4C Cable de altavoz BC NS CL2P Flamarrest PVC/PVC 150V Natural 1000 ft (carrete)",1
6020FL,"Belden 6020FL — 12/2C incendio Cable de alarma BC apantallado FPLP Flamarrest PVC/PVC 300V Red 1000 ft (carrete)",1
6020UL,"Belden 6020UL — 12/2C incendio Cable de alarma BC NS FPLP Flamarrest PVC/PVC 300V Red 1000 ft (carrete)",1
6100FE,"Belden 6100FE — 14/2C Cable de altavoz BC apantallado CL2P Flamarrest PVC/PVC 300V Natural 1000 ft (carrete)",1
6100UE,"Belden 6100UE — 14/2C Cable de altavoz BC NS CL2P Flamarrest PVC/PVC 300V Natural 500 ft (carrete)",1
6120FL,"Belden 6120FL — 14/2C incendio Cable de alarma BC apantallado FPLP Flamarrest PVC/PVC 300V Red 1000 ft (carrete)",1
6120UL,"Belden 6120UL — 14/2C incendio Cable de alarma BC NS FPLP Flamarrest PVC/PVC 300V Red 1000 ft (carrete)",1
6122FL,"Belden 6122FL — Cable multiconductor &#8211; aplicaciones comerciales 14/4C SBC FLAMARREST SHLD",1
6122UL,"Belden 6122UL — Cable multiconductor &#8211; aplicaciones comerciales 14/4C SOL BC FLAMARREST",1
6200FE,"Belden 6200FE — 16/2C Cable de altavoz BC apantallado CMP Flamarrest PVC/PVC 300V Natural 500 ft (carrete)",1
6200UE,"Belden 6200UE — 16/2C Cable de altavoz BC NS CMP Flamarrest PVC/PVC 300V Natural 1000 ft (carrete)",1
6201FE,"Belden 6201FE — 16/3C Cable de altavoz BC apantallado CMP Flamarrest PVC/PVC 300V Natural 1000 ft (carrete)",1
6201UE,"Belden 6201UE — 16/3C Cable de altavoz BC NS CMP Flamarrest PVC/PVC 300V Natural 1000 ft (carrete)",1
6202UE,"Belden 6202UE — 16/4C Cable de altavoz BC NS CMP Flamarrest PVC/PVC 300V Natural 1000 ft (carrete)",1
6220FL,"Belden 6220FL — 16/2C incendio Cable de alarma BC apantallado FPLP Flamarrest PVC/PVC 300V Red 1000 ft (carrete)",1
6220UL,"Belden 6220UL — 16/2C incendio Cable de alarma BC NS FPLP Flamarrest PVC/PVC 300V Red 1000 ft (carrete)",1
6300FE,"Belden 6300FE — 18/2C Cable de altavoz BC apantallado CMP Flamarrest PVC/PVC 300V Natural 1000 ft (carrete)",1
6300UE,"Belden 6300UE — Cable multiconductor &#8211; sistemas de audio comercial &#8211; 2 conductores cableados 18/2C BC FLAMA",1
6301FE,"Belden 6301FE — Cable multiconductor &#8211; sistemas de audio comercial 18/3C BC FLAMARREST SHLD",1
6301UE,"Belden 6301UE — 18/3C Cable de altavoz BC NS CMP Flamarrest PVC/PVC 300V Natural 1000 ft (carrete)",1
6302FE,"Belden 6302FE — 18/4C Cable de altavoz BC apantallado CMP Flamarrest PVC/PVC 300V Natural 1000 ft (carrete)",1
6302UE,"Belden 6302UE — 18/4C Cable de altavoz BC NS CMP Flamarrest PVC/PVC 300V Natural 1000 ft (carrete)",1
6304FE,"Belden 6304FE — 18/6C Cable de altavoz BC apantallado CMP Flamarrest PVC/PVC 300V Natural 1000 ft (carrete)",1
6304UE,"Belden 6304UE — 18/6C Cable de altavoz BC NS CMP Flamarrest PVC/PVC 300V Natural 1000 ft (carrete)",1
6306FE,"Belden 6306FE — 18/8C Cable de altavoz BC apantallado CMP Flamarrest PVC/PVC 300V Natural 1000 ft (carrete)",1
6306UE,"Belden 6306UE — 18/8C Cable de altavoz BC NS CMP Flamarrest PVC/PVC 300V Natural 1000 ft (carrete)",1
6308UE,"Belden 6308UE — 18/10C Cable de altavoz BC NS CMP Flamarrest PVC/PVC 300V Natural 1000 ft (carrete)",1
6309FE,"Belden 6309FE — Cable multiconductor &#8211; aplicaciones comerciales 18/12C BC FLAMARREST SHLD CMP",1
6320FE,"Belden 6320FE — 18/2C Cable de altavoz BC apantallado CMP Flamarrest PVC/PVC 300V Natural 1000 ft (carrete)",1
6320FK,"Belden 6320FK — Cable multiconductor &#8211; aplicaciones comerciales, direccionable sistemas &#8211; 2 Cond cableados",1
6320FL,"Belden 6320FL — 18/2C incendio Cable de alarma BC apantallado FPLP Flamarrest PVC/PVC 300V Red 1000 ft (carrete)",1
6320UL,"Belden 6320UL — 18/2C incendio Cable de alarma BC NS FPLP Flamarrest PVC/PVC 300V Red 1000 ft (carrete)",1
633938,"Belden 633938 — coaxial &#8211; comercial CATV or MATV aplicaciones 18 SOL BC RG6 tipo PLENUM",1
6341PC,"Belden 6341PC — Cable multiconductor &#8211; Pro Audio y Intercom sistemas 18/2P BC FEP/LSPVC",1
6342FE,"Belden 6342FE — Cable multiconductor &#8211; aplicaciones comerciales 18/3P BC FLAMARREST SHLD NATUR",1
6343FE,"Belden 6343FE — Cable multiconductor &#8211; aplicaciones comerciales 18/4P BC FLAMARREST SHLD NATUR",1
638AFS,"Belden 638AFS — compuesto &#8211; cerradura potencia lector de tarjeta puerta contacto REX aplicaciones ACCESS CONTROL BANA",1
639948,"Belden 639948 — compuesto &#8211; CCTV Plus Audio or potencia or Pan y Tilt CCTV Control aplicaciones RG6 1",1
6400FE,"Belden 6400FE — Cable multiconductor &#8211; sistemas de audio comercial &#8211; 2 conductores cableados 20/2C BC FLAMA",1
6400UE,"Belden 6400UE — Cable multiconductor &#8211; sistemas de audio comercial &#8211; 2 conductores cableados 20/2C BC FLAMA",0
6401FE,"Belden 6401FE — Cable multiconductor &#8211; sistemas de audio comercial 20/3C BC FLAMARREST SHLD",1
6401UE,"Belden 6401UE — Cable multiconductor &#8211; sistemas de audio comercial 20/3C BC FLAMARREST",1
6402FE,"Belden 6402FE — Cable multiconductor &#8211; aplicaciones comerciales 20/4C BC FLAMARREST SHLD",1
643948,"Belden 643948 — coaxial &#8211; CCTV aplicaciones 20 SOLBC RG59 tipo LOWSMOKE",1
649948,"Belden 649948 — compuesto &#8211; CCTV Plus Audio or potencia or PAn y Tilt CCTV Control aplicaciones RG59",1
6500FE,"Belden 6500FE — Cable multiconductor &#8211; sistemas de audio comercial &#8211; 2 conductores cableados 22/2C BC FLAMA",1
6500UE,"Belden 6500UE — Cable multiconductor &#8211; sistemas de audio comercial &#8211; 2 conductores cableados 22/2C BC FLAMA",1
6501FE,"Belden 6501FE — Cable multiconductor &#8211; sistemas de audio comercial 22/3C BC FLAMARREST SHLD",1
6501UE,"Belden 6501UE — Cable multiconductor &#8211; sistemas de audio comercial 22/3C BC FLAMARREST",1
6502FE,"Belden 6502FE — Cable multiconductor &#8211; aplicaciones comerciales 22/4C BC FLAMARREST SHLD",1
6502UE,"Belden 6502UE — Cable multiconductor &#8211; aplicaciones comerciales 22/4C BC FLAMARREST",1
6504FE,"Belden 6504FE — Cable multiconductor &#8211; aplicaciones comerciales 22/6C BC FLAMARREST SHLD",1
6504UE,"Belden 6504UE — Cable multiconductor &#8211; aplicaciones comerciales 22/6C BC FLAMARREST",1
6506FE,"Belden 6506FE — Cable multiconductor &#8211; aplicaciones comerciales 22/8C BC FLAMARREST SHLD",1
6541FE,"Belden 6541FE — Cable multiconductor &#8211; aplicaciones comerciales 22/2P BC FLAMARREST SHLD",1
658AFS,"Belden 658AFS — compuesto &#8211; cerradura potencia lector de tarjeta puerta contacto REX aplicaciones ACCESS CONTROL BAN",1
7202A,"Belden 7202A — 24/3P MachFlex Cable apantallado CM PE/PVC 300V verde 1000 ft (carrete)",1
7838A,"Belden 7838A — 22/2P T1/DS1 central telefónica Cable apantallado CM PE/PVC Chrome 1000 ft (carrete)",1
7895A,"Belden 7895A — 18/1P-20/1P DeviceBus Cable I/O blindaje CMG/PLTC PVC gris 1000 ft (carrete)",1
7896A,"Belden 7896A — 16/1P-18/1P DeviceBus Cable I/O blindaje TC-ER PVC gris 1000 ft (carrete)",1
7897A,"Belden 7897A — 15/1P-18/1P DeviceBus Cable I/O blindaje TC-ER PVC gris 1000 ft (carrete)",1
7900A,"Belden 7900A — 16/1P-18/1P DeviceBus Cable NS TC-ER PVC gris 1000 ft (carrete)",1
7916A,"Belden 7916A — coaxial &#8211; Series 6 RG6 sólido BC DUOBOND PLUS",1
7918A,"Belden 7918A — 24/4P Cat5e DataTuff Cable U/UTP CMR PVC negro 1000 ft (carrete)",1
7919A,"Belden 7919A — 24/4P Cat5e DataTuff Cable F/UTP CMR PVC negro 1000 ft (carrete)",1
7921A,"Belden 7921A — 24/4P Cat5e DataTuff Cable SF/UTP CMR PVC negro 1000 ft (carrete)",1
SRT-ALAMBRE-12-AMARILLO-ROLLO,"Alambre THHN/THWN-2 Centelsa 12 AWG amarillo &#8211; rollo 100 m",1
SRT-ALAMBRE-12-AZUL-ROLLO,"Alambre THHN/THWN-2 Centelsa 12 AWG azul &#8211; rollo 100 m",1
SRT-ALAMBRE-12-BLANCO-ROLLO,"Alambre THHN/THWN-2 Centelsa 12 AWG blanco &#8211; rollo 100 m",1
SRT-ALAMBRE-12-NEGRO-ROLLO,"Alambre THHN/THWN-2 Centelsa 12 AWG negro &#8211; rollo 100 m",1
SRT-ALAMBRE-12-ROJO-ROLLO,"Alambre THHN/THWN-2 Centelsa 12 AWG rojo &#8211; rollo 100 m",1
SRT-ALAMBRE-12-VERDE-ROLLO,"Alambre THHN/THWN-2 Centelsa 12 AWG verde &#8211; rollo 100 m",1
SRT-ALAMBRE-14-AMARILLO-METRO,"Alambre THHN/THWN-2 Centelsa 14 AWG amarillo &#8211; por metro",1
SRT-ALAMBRE-14-AZUL-METRO,"Alambre THHN/THWN-2 Centelsa 14 AWG azul &#8211; por metro",1
SRT-ALAMBRE-14-BLANCO-METRO,"Alambre THHN/THWN-2 Centelsa 14 AWG blanco &#8211; por metro",1
SRT-ALAMBRE-14-NEGRO-METRO,"Alambre THHN/THWN-2 Centelsa 14 AWG negro &#8211; por metro",1
SRT-ALAMBRE-14-ROJO-METRO,"Alambre THHN/THWN-2 Centelsa 14 AWG rojo &#8211; por metro",1
SRT-ALAMBRE-14-VERDE-METRO,"Alambre THHN/THWN-2 Centelsa 14 AWG verde &#8211; por metro",1
SRT-ALAMBRE-12-AMARILLO-METRO,"Alambre THHN/THWN-2 Centelsa 12 AWG amarillo &#8211; por metro",1
SRT-ALAMBRE-12-AZUL-METRO,"Alambre THHN/THWN-2 Centelsa 12 AWG azul &#8211; por metro",1
SRT-ALAMBRE-12-BLANCO-METRO,"Alambre THHN/THWN-2 Centelsa 12 AWG blanco &#8211; por metro",1
SRT-ALAMBRE-12-NEGRO-METRO,"Alambre THHN/THWN-2 Centelsa 12 AWG negro &#8211; por metro",1
SRT-ALAMBRE-12-ROJO-METRO,"Alambre THHN/THWN-2 Centelsa 12 AWG rojo &#8211; por metro",1
SRT-ALAMBRE-12-VERDE-METRO,"Alambre THHN/THWN-2 Centelsa 12 AWG verde &#8211; por metro",1
SRT-ENCAU-5x8AWG-CU,"Cable multipropósito Termoflex MP Procables 5 x 8 AWG",1
SRT-ENCAU-5x10AWG-CU,"Cable multipropósito Termoflex MP Procables 5 x 10 AWG",1
SRT-ENCAU-5x12AWG-CU,"Cable multipropósito Termoflex MP Procables 5 x 12 AWG",1
SRT-ENCAU-5x14AWG-CU,"Cable multipropósito Termoflex MP Procables 5 x 14 AWG",1
SRT-ENCAU-2x8-CU,"Cable multipropósito Termoflex MP Procables 2 x 8 AWG",1
SRT-ENCAU-2x10-CU,"Cable multipropósito Termoflex MP Procables 2 x 10 AWG",1
SRT-ENCAU-2x12-CU,"Cable multipropósito Termoflex MP Procables 2 x 12 AWG",1
SRT-ENCAU-2x14-CU,"Cable multipropósito Termoflex MP Procables 2 x 14 AWG",1
SRT-ENCAU-2x16-CU,"Cable multipropósito Termoflex MP Procables 2 x 16 AWG",1
SRT-ENCAU-2x18-CU,"Cable multipropósito Termoflex MP Procables 2 x 18 AWG",1
SRT-ENCAU-3x8-CU,"Cable multipropósito Termoflex MP Procables 3 x 8 AWG",1
