id,sku,titulo,categorias,marca,atributos
107,31303326000,"Cu (cobre) desnudo blando 8 AWG","Alambre desnudo|Conductores desnudos",Procables,pa_marca|pa_calibre-awg|pa_norma|pa_aplicacion
108,31303259000,"Cu (cobre) desnudo blando 10 AWG","Alambre desnudo|Conductores desnudos",Procables,pa_marca|pa_calibre-awg|pa_norma|pa_aplicacion
109,31303205000,"Cu (cobre) desnudo blando 12 AWG","Alambre desnudo|Conductores desnudos",Procables,pa_marca|pa_calibre-awg|pa_norma|pa_aplicacion
110,31303163000,"Cu (cobre) desnudo blando 14 AWG","Alambre desnudo|Conductores desnudos",Procables,pa_marca|pa_calibre-awg|pa_norma|pa_aplicacion
111,31321038000,"Cable Cu (cobre) desnudo blando 350 kcmil (B) 37H","Cable desnudo|Conductores desnudos",Procables,pa_marca|pa_calibre-awg|pa_norma|pa_aplicacion
112,31321034000,"Cable Cu (cobre) desnudo blando 250 kcmil (B) 37H","Cable desnudo|Conductores desnudos",Procables,pa_marca|pa_calibre-awg|pa_norma|pa_aplicacion
113,31319011000,"Cable Cu (cobre) desnudo blando 4/0 AWG (B) 19H","Cable desnudo|Conductores desnudos",Procables,pa_marca|pa_calibre-awg|pa_norma|pa_aplicacion
115,31321026000,"Cable Cu (cobre) desnudo blando 1/0 AWG (B) 19H","Cable desnudo|Conductores desnudos",Procables,pa_marca|pa_calibre-awg|pa_norma|pa_aplicacion
116,31321024000,"Cable Cu (cobre) desnudo blando 2 AWG (B) 7H","Cable desnudo|Conductores desnudos",Procables,pa_marca|pa_calibre-awg|pa_norma|pa_aplicacion
117,31321022000,"Cable Cu (cobre) desnudo blando 4 AWG (B) 7H","Cable desnudo|Conductores desnudos",Procables,pa_marca|pa_calibre-awg|pa_norma|pa_aplicacion
118,31321020000,"Cable Cu (cobre) desnudo blando 6 AWG (B) 7H","Cable desnudo|Conductores desnudos",Procables,pa_marca|pa_calibre-awg|pa_norma|pa_aplicacion
119,31321018000,"Cable Cu (cobre) desnudo blando 8 AWG (B) 7H","Cable desnudo|Conductores desnudos",Procables,pa_marca|pa_calibre-awg|pa_norma|pa_aplicacion
120,31321016000,"Cable Cu (cobre) desnudo blando 10 AWG (B)7H","Cable desnudo|Conductores desnudos",Procables,pa_marca|pa_calibre-awg|pa_norma|pa_aplicacion
155,31405170001,"TSEC 2×6+6 AWG Cu (cobre)-XLPUV/PE 600V 75°C CDSA","Antifraude TSEC|Cables de acometida",Procables,pa_marca|pa_calibre-awg|pa_numero-conductores|pa_voltaje|pa_norma|pa_aplicacion
156,31405170002,"TSEC 2×6+6 AWG Cu (cobre)-XLPUV/PE 600V 90°C CDSA","Antifraude TSEC|Cables de acometida",Procables,pa_marca|pa_calibre-awg|pa_numero-conductores|pa_voltaje|pa_norma|pa_aplicacion
157,31404264001,"TSEC 2×6+6 AWG Cu (cobre)-XLPUV/PE 600V 90°C","Antifraude TSEC|Cables de acometida",Procables,pa_marca|pa_calibre-awg|pa_numero-conductores|pa_voltaje|pa_norma|pa_aplicacion
158,31404244901,"TSEC 2×8+8 AWG Cu (cobre) CPR XLPE-SR 600V 90°C PE","Antifraude TSEC|Cables de acometida",Procables,pa_marca|pa_calibre-awg|pa_numero-conductores|pa_voltaje|pa_norma|pa_aplicacion
159,31404145001,"TSEC 8+8 AWG Cu-PE/PVC 600V 75°C CDSA","Antifraude TSEC|Cables de acometida",Procables,pa_marca|pa_calibre-awg|pa_voltaje|pa_norma|pa_aplicacion
164,31352614501,"EXZHELLENT BW 14 AWG (2.5mm2) Cu (cobre) CPR HFFR LS 600V 75°","Cables de baja tensión|Exzhellent BW",Procables,pa_marca|pa_calibre-awg|pa_voltaje|pa_norma|pa_aplicacion
165,31352612201,"EXZHELLENT BW 12 AWG (4mm2) Cu (cobre) CPR HFFR LS 600V 75°C","Cables de baja tensión|Exzhellent BW",Procables,pa_marca|pa_calibre-awg|pa_voltaje|pa_norma|pa_aplicacion
166,31352610601,"EXZHELLENT BW 10 AWG (6mm2) Cu (cobre) CPR HFFR LS 600V 75°C","Cables de baja tensión|Exzhellent BW",Procables,pa_marca|pa_calibre-awg|pa_voltaje|pa_norma|pa_aplicacion
168,31352610201-2,"EXZHELLENT BW 8 AWG (10mm2) Cu (cobre) CPR HFFR LS 600V 75°C","Cables de baja tensión|Exzhellent BW",Procables,pa_marca|pa_calibre-awg|pa_voltaje|pa_norma|pa_aplicacion
171,31352608801,"EXZHELLENT BW 6 AWG (16mm2) Cu (cobre) CPR HFFR LS 600V 75°C","Cables de baja tensión|Exzhellent BW",Procables,pa_marca|pa_calibre-awg|pa_voltaje|pa_norma|pa_aplicacion
173,31352606201,"EXZHELLENT BW 4 AWG (25mm2) Cu (cobre) CPR HFFR LS 600V 75°C","Cables de baja tensión|Exzhellent BW",Procables,pa_marca|pa_calibre-awg|pa_voltaje|pa_norma|pa_aplicacion
175,31352602401-2,"EXZHELLENT BW 2 AWG (35mm2) Cu (cobre) CPR HFFR LS 600V 75°C","Cables de baja tensión|Exzhellent BW",Procables,pa_marca|pa_calibre-awg|pa_voltaje|pa_norma|pa_aplicacion
177,31352600401,"EXZHELLENT BW 1/0 AWG (50mm2) Cu (cobre) CPR HFFR LS 600V 75°C","Cables de baja tensión|Exzhellent BW",Procables,pa_marca|pa_calibre-awg|pa_voltaje|pa_norma|pa_aplicacion
179,31352598801,"EXZHELLENT BW 2/0 AWG (70mm2) Cu (cobre) CPR HFFR LS 600V 75°C","Cables de baja tensión|Exzhellent BW",Procables,pa_marca|pa_calibre-awg|pa_voltaje|pa_norma|pa_aplicacion
181,31352596401,"EXZHELLENT BW 3/0 AWG (95mm2) Cu (cobre) CPR HFFR LS 600V 75°C","Cables de baja tensión|Exzhellent BW",Procables,pa_marca|pa_calibre-awg|pa_voltaje|pa_norma|pa_aplicacion
183,31352594201,"EXZHELLENT BW 4/0 AWG (120mm2) Cu (cobre) CPR HFFR LS 600V 75°C","Cables de baja tensión|Exzhellent BW",Procables,pa_marca|pa_calibre-awg|pa_voltaje|pa_norma|pa_aplicacion
185,31352611601,"EXZHELLENT BW 500 kcmil Cu (cobre) CPR HFFR LS 600V 75°","Cables de baja tensión|Exzhellent BW",Procables,pa_marca|pa_calibre-awg|pa_voltaje|pa_norma|pa_aplicacion
186,31352611001,"EXZHELLENT BW 350 kcmil Cu (cobre) CPR HFFR LS 600V 75°","Cables de baja tensión|Exzhellent BW",Procables,pa_marca|pa_calibre-awg|pa_voltaje|pa_norma|pa_aplicacion
187,31352610401,"EXZHELLENT BW 250 kcmil Cu (cobre) CPR HFFR LS 600V 75°","Cables de baja tensión|Exzhellent BW",Procables,pa_marca|pa_calibre-awg|pa_voltaje|pa_norma|pa_aplicacion
200,31353999301,"SUPERFLEX 8 AWG Cu (cobre) (J) PVC/NY 600V 90°C VW-1","Cable flexible|Superflex",Procables,pa_marca|pa_calibre-awg|pa_voltaje|pa_norma|pa_aplicacion
201,31353999001,"SUPERFLEX 10 AWG Cu (cobre) (J) PVC/NY 600V 90°C VW-1","Cable flexible|Superflex",Procables,pa_marca|pa_calibre-awg|pa_voltaje|pa_norma|pa_aplicacion
202,31353998701,"SUPERFLEX 12 AWG Cu (cobre) (J) PVC/NY 600V 90°C VW-1","Cable flexible|Superflex",Procables,pa_marca|pa_calibre-awg|pa_voltaje|pa_norma|pa_aplicacion
203,31353998401,"SUPERFLEX 14 AWG Cu (cobre) (J) PVC/NY 600V 90°C VW-1","Cable flexible|Superflex",Procables,pa_marca|pa_calibre-awg|pa_voltaje|pa_norma|pa_aplicacion
204,31353998301,"SUPERFLEX 16 AWG Cu (cobre) (J) PVC/NY 600V 90°C VW-1","Cable flexible|Superflex",Procables,pa_marca|pa_calibre-awg|pa_voltaje|pa_norma|pa_aplicacion
205,31353998201,"SUPERFLEX 18 AWG Cu (cobre) (J) PVC/NY 600V 90°C VW-1","Cable flexible|Superflex",Procables,pa_marca|pa_calibre-awg|pa_voltaje|pa_norma|pa_aplicacion
206,31354240105,"SUPERFLEX 20 AWG Cu (cobre) (J) PVC/NY 600V 90°C VW-1","Cable flexible|Superflex",Procables,pa_marca|pa_calibre-awg|pa_voltaje|pa_norma|pa_aplicacion
214,31369100002,"DUPLEX CPE SPT 2×10 AWG Cu (J) PVC 300V 60°C","Cable flexible|SPT-CPE",Procables,pa_marca|pa_calibre-awg|pa_numero-conductores|pa_voltaje|pa_norma|pa_aplicacion
215,31369080001,"DUPLEX CPE SPT 2×12 AWG Cu (J) PVC 300V 60°C","Cable flexible|SPT-CPE",Procables,pa_marca|pa_calibre-awg|pa_numero-conductores|pa_voltaje|pa_norma|pa_aplicacion
216,31369060001,"DUPLEX CPE SPT 2×14 AWG Cu (J) PVC 300V 60°C","Cable flexible|SPT-CPE",Procables,pa_marca|pa_calibre-awg|pa_numero-conductores|pa_voltaje|pa_norma|pa_aplicacion
217,31369041001,"DUPLEX CPE SPT 2×16 AWG Cu (J) PVC 300V 60°C","Cable flexible|SPT-CPE",Procables,pa_marca|pa_calibre-awg|pa_numero-conductores|pa_voltaje|pa_norma|pa_aplicacion
218,31369021001,"DUPLEX CPE SPT 2×18 AWG Cu (J) PVC 300V 60°C","Cable flexible|SPT-CPE",Procables,pa_marca|pa_calibre-awg|pa_numero-conductores|pa_voltaje|pa_norma|pa_aplicacion
219,31369011001,"DUPLEX CPE SPT 2×20 AWG Cu (J) PVC 300V 60°C","Cable flexible|SPT-CPE",Procables,pa_marca|pa_calibre-awg|pa_numero-conductores|pa_voltaje|pa_norma|pa_aplicacion
220,31369010601,"DUPLEX CPE SPT 3×12 AWG Cu (J) PVC 300V 60°C","Cable flexible|SPT-CPE",Procables,pa_marca|pa_calibre-awg|pa_numero-conductores|pa_voltaje|pa_norma|pa_aplicacion
221,31369010401,"DUPLEX CPE SPT 3×14 AWG Cu (J) PVC 300V 60°C","Cable flexible|SPT-CPE",Procables,pa_marca|pa_calibre-awg|pa_numero-conductores|pa_voltaje|pa_norma|pa_aplicacion
222,31369010201,"DUPLEX CPE SPT 3×16 AWG Cu (J) PVC 300V 60°C","Cable flexible|SPT-CPE",Procables,pa_marca|pa_calibre-awg|pa_numero-conductores|pa_voltaje|pa_norma|pa_aplicacion
223,31369010001,"DUPLEX CPE SPT 3×18 AWG Cu (J) PVC 300V 60°C","Cable flexible|SPT-CPE",Procables,pa_marca|pa_calibre-awg|pa_numero-conductores|pa_voltaje|pa_norma|pa_aplicacion
252,32352320101,"THHW 2 AWG (33.6 mm2) AA8000","Cables de aluminio|THHW",Procables,pa_marca|pa_calibre-awg|pa_norma|pa_aplicacion
253,32352320201,"THHW 1 AWG (42.4 mm2) AA8000","Cables de aluminio|THHW",Procables,pa_marca|pa_calibre-awg|pa_norma|pa_aplicacion
254,32352320301,"THHW 1/0 AWG (53.5 mm2) AA8000","Cables de aluminio|THHW",Procables,pa_marca|pa_calibre-awg|pa_norma|pa_aplicacion
262,32352730101,"EXZHELLENT 2 AWG (35mm2) AA8000","Cables de aluminio|Exzhellent",Procables,pa_marca|pa_calibre-awg|pa_norma|pa_aplicacion
263,32352740101,"EXZHELLENT 1 AWG (42.4mm2) AA8000","Cables de aluminio|Exzhellent",Procables,pa_marca|pa_calibre-awg|pa_norma|pa_aplicacion
264,32352750101,"EXZHELLENT 1/0 AWG (53.5mm2) AA8000","Cables de aluminio|Exzhellent",Procables,pa_marca|pa_calibre-awg|pa_norma|pa_aplicacion
265,32352760101,"EXZHELLENT 2/0 AWG (67.4mm2) AA8000","Cables de aluminio|Exzhellent",Procables,pa_marca|pa_calibre-awg|pa_norma|pa_aplicacion
266,32352770101,"EXZHELLENT 3/0 AWG (85mm2) AA8000","Cables de aluminio|Exzhellent",Procables,pa_marca|pa_calibre-awg|pa_norma|pa_aplicacion
267,32352780101,"EXZHELLENT 4/0 AWG (107mm2) AA8000","Cables de aluminio|Exzhellent",Procables,pa_marca|pa_calibre-awg|pa_norma|pa_aplicacion
268,32352790101,"EXZHELLENT 250 kcmil (127mm2) AA8000","Cables de aluminio|Exzhellent",Procables,pa_marca|pa_calibre-awg|pa_norma|pa_aplicacion
269,32352800101,"EXZHELLENT 350 kcmil (177mm2) AA8000","Cables de aluminio|Exzhellent",Procables,pa_marca|pa_calibre-awg|pa_norma|pa_aplicacion
270,32352810101,"EXZHELLENT 500 kcmil (253mm2) AA8000","Cables de aluminio|Exzhellent",Procables,pa_marca|pa_calibre-awg|pa_norma|pa_aplicacion
271,32480055000,"ACSR 4/0 AWG PENGUIN","ACSR|Cables de distribución",Procables,pa_marca|pa_calibre-awg|pa_norma|pa_aplicacion
272,32480050000,"ACSR 2/0 AWG PARTRIDGE","ACSR|Cables de distribución",Procables,pa_marca|pa_calibre-awg|pa_norma|pa_aplicacion
273,32480045000,"ACSR 1/0 AWG RAVEN","ACSR|Cables de distribución",Procables,pa_marca|pa_calibre-awg|pa_norma|pa_aplicacion
274,32480040000,"ACSR 2 AWG SPARATE","ACSR|Cables de distribución",Procables,pa_marca|pa_calibre-awg|pa_norma|pa_aplicacion
275,32480035000,"ACSR 4 AWG PENGUIN","ACSR|Cables de distribución",Procables,pa_marca|pa_calibre-awg|pa_norma|pa_aplicacion
276,32481200001,"ACSR 2/0 SWANATE","ACSR|Cables de distribución",Procables,pa_marca|pa_calibre-awg|pa_norma|pa_aplicacion
277,32481210001,"ACSR 4/0 PARTRIDGE","ACSR|Cables de distribución",Procables,pa_marca|pa_calibre-awg|pa_norma|pa_aplicacion
278,32481220001,"ACSR 336 kcmil MERLIN","ACSR|Cables de distribución",Procables,pa_marca|pa_calibre-awg|pa_norma|pa_aplicacion
279,32481230001,"ACSR 477 kcmil HAWK","ACSR|Cables de distribución",Procables,pa_marca|pa_calibre-awg|pa_norma|pa_aplicacion
280,32481240001,"ACSR 556 kcmil FLICKER","ACSR|Cables de distribución",Procables,pa_marca|pa_calibre-awg|pa_norma|pa_aplicacion
281,32481250001,"ACSR 715 kcmil DRAKE","ACSR|Cables de distribución",Procables,pa_marca|pa_calibre-awg|pa_norma|pa_aplicacion
282,32482100001,"TRIPLEX 2×1/0+1/0 AWG XLPE/XLPE","Cables de distribución|Triplex/Cuadruplex",Procables,pa_marca|pa_calibre-awg|pa_numero-conductores|pa_norma|pa_aplicacion
283,32482120001,"TRIPLEX 2×2/0+2/0 AWG XLPE/XLPE","Cables de distribución|Triplex/Cuadruplex",Procables,pa_marca|pa_calibre-awg|pa_numero-conductores|pa_norma|pa_aplicacion
284,32482130001,"TRIPLEX 2×4/0+4/0 AWG XLPE/XLPE","Cables de distribución|Triplex/Cuadruplex",Procables,pa_marca|pa_calibre-awg|pa_numero-conductores|pa_norma|pa_aplicacion
285,32482140001,"TRIPLEX 2×250+250 kcmil XLPE/XLPE","Cables de distribución|Triplex/Cuadruplex",Procables,pa_marca|pa_calibre-awg|pa_numero-conductores|pa_norma|pa_aplicacion
286,32482150001,"CUADRUPLEX 3×1/0+1/0 AWG XLPE","Cables de distribución|Triplex/Cuadruplex",Procables,pa_marca|pa_calibre-awg|pa_numero-conductores|pa_norma|pa_aplicacion
287,32482160001,"CUADRUPLEX 3×2/0+2/0 AWG XLPE","Cables de distribución|Triplex/Cuadruplex",Procables,pa_marca|pa_calibre-awg|pa_numero-conductores|pa_norma|pa_aplicacion
288,32482170001,"CUADRUPLEX 3×4/0+4/0 AWG XLPE","Cables de distribución|Triplex/Cuadruplex",Procables,pa_marca|pa_calibre-awg|pa_numero-conductores|pa_norma|pa_aplicacion
289,32482180001,"CUADRUPLEX 3×250+250 kcmil XLPE","Cables de distribución|Triplex/Cuadruplex",Procables,pa_marca|pa_calibre-awg|pa_numero-conductores|pa_norma|pa_aplicacion
290,31399000693,"PV 4mm2 Cu (flexible) XLPE SR 2000V G&O 90°C PVC","Cables solares",Procables,pa_marca|pa_voltaje|pa_norma|pa_aplicacion
291,31399000894,"PV 6mm2 Cu (flexible) XLPE SR 1500V G&O 90°C PVC","Cables solares",Procables,pa_marca|pa_voltaje|pa_norma|pa_aplicacion
292,31399000895,"PV 6mm2 Cu (flexible) XLPE SR 1000V G&O 90°C PVC","Cables solares",Procables,pa_marca|pa_voltaje|pa_norma|pa_aplicacion
293,31399001094,"PV 10mm2 Cu (flexible) XLPE SR 1500V G&O 90°C PVC","Cables solares",Procables,pa_marca|pa_voltaje|pa_norma|pa_aplicacion
294,81471200002,"Cable LAN CAT5E 4PX26AWG","Cables de red",Procables,pa_marca|pa_calibre-awg|pa_norma|pa_aplicacion
295,81471200003,"Cable LAN CAT6 4PX23AWG","Cables de red",Procables,pa_marca|pa_calibre-awg|pa_norma|pa_aplicacion
296,81471200004,"Cable LAN CAT6A 4PX23AWG","Cables de red",Procables,pa_marca|pa_calibre-awg|pa_norma|pa_aplicacion
297,81471200005,"Cable LAN CAT5E APANT 4PX24AWG","Cables de red",Procables,pa_marca|pa_calibre-awg|pa_norma|pa_aplicacion
298,88490018501,"FO SM ARMADA 96H CINTA ACERO","Cables de fibra óptica",Procables,pa_marca|pa_aplicacion
299,88490037001,"FO SM ADSS 12H VANO 120","Cables de fibra óptica",Procables,pa_marca|pa_aplicacion
300,88490037101,"FO SM ADSS 24H VANO 120","Cables de fibra óptica",Procables,pa_marca|pa_aplicacion
301,88490037201,"FO SM ADSS 48H VANO 120","Cables de fibra óptica",Procables,pa_marca|pa_aplicacion
302,88490038501,"FO SM ADSS 12H VANO 200","Cables de fibra óptica",Procables,pa_marca|pa_aplicacion
303,88490038601,"FO SM ADSS 24H VANO 200","Cables de fibra óptica",Procables,pa_marca|pa_aplicacion
304,88490038701,"FO SM ADSS 48H VANO 200","Cables de fibra óptica",Procables,pa_marca|pa_aplicacion
305,88490202601,"FO SM ARMADA 24H CINTA ACERO","Cables de fibra óptica",Procables,pa_marca|pa_aplicacion
306,88490202701,"FO SM ARMADA 48H CINTA ACERO","Cables de fibra óptica",Procables,pa_marca|pa_aplicacion
307,88490211001,"MICRO FO SM 24H FRP WB","Cables de fibra óptica",Procables,pa_marca|pa_aplicacion
313,110902,"18/8C CL3R/CMR Cable multiconductor BC apantallado PVC 300V","Cables de control",,pa_calibre-awg|pa_numero-conductores|pa_voltaje|pa_apantallado|pa_chaqueta|pa_norma
326,106575,"1 AWG clase K Cable de soldadura 600V 105C EPDM","Cable de soldadura|Cables especiales",,pa_calibre-awg|pa_numero-conductores|pa_voltaje|pa_apantallado|pa_chaqueta
327,106576,"2 AWG clase K Cable de soldadura 600V 105C EPDM","Cable de soldadura|Cables especiales",,pa_calibre-awg|pa_numero-conductores|pa_voltaje|pa_apantallado|pa_chaqueta
328,106578-V2,"2 AWG Super Vu-Tron Cable de soldadura 600V 90C","Cable de soldadura|Cables especiales",,pa_calibre-awg|pa_numero-conductores|pa_voltaje|pa_apantallado|pa_chaqueta
329,106579,"4 AWG clase K Cable de soldadura 600V 105C EPDM","Cable de soldadura|Cables especiales",,pa_calibre-awg|pa_numero-conductores|pa_voltaje|pa_apantallado|pa_chaqueta
330,106581,"6 AWG clase K Cable de soldadura 600V 105C EPDM","Cable de soldadura|Cables especiales",,pa_calibre-awg|pa_numero-conductores|pa_voltaje|pa_apantallado|pa_chaqueta
331,106582,"1/0 AWG clase K Cable de soldadura 600V 105C EPDM","Cable de soldadura|Cables especiales",,pa_calibre-awg|pa_numero-conductores|pa_voltaje|pa_apantallado|pa_chaqueta
332,106584,"1/0 AWG Super Vu-Tron Cable de soldadura 600V 90C","Cable de soldadura|Cables especiales",,pa_calibre-awg|pa_numero-conductores|pa_voltaje|pa_apantallado|pa_chaqueta
333,106585,"2/0 AWG clase K Cable de soldadura 600V 105C EPDM","Cable de soldadura|Cables especiales",,pa_calibre-awg|pa_numero-conductores|pa_voltaje|pa_apantallado|pa_chaqueta
334,106587-V20,"2/0 AWG Super Vu-Tron Cable de soldadura 600V 90C","Cable de soldadura|Cables especiales",,pa_calibre-awg|pa_numero-conductores|pa_voltaje|pa_apantallado|pa_chaqueta
335,106588,"250 KCMIL clase K Cable de soldadura 600V 105C EPDM","Cable de soldadura|Cables especiales",,pa_calibre-awg|pa_numero-conductores|pa_voltaje|pa_apantallado|pa_chaqueta
336,106589,"3/0 AWG clase K Cable de soldadura 600V 105C EPDM","Cable de soldadura|Cables especiales",,pa_calibre-awg|pa_numero-conductores|pa_voltaje|pa_apantallado|pa_chaqueta
337,106590,"350 KCMIL clase K Cable de soldadura 600V 105C EPDM","Cable de soldadura|Cables especiales",,pa_calibre-awg|pa_numero-conductores|pa_voltaje|pa_apantallado|pa_chaqueta
338,106591,"4/0 AWG clase K Cable de soldadura 600V 105C EPDM","Cable de soldadura|Cables especiales",,pa_calibre-awg|pa_numero-conductores|pa_voltaje|pa_apantallado|pa_chaqueta
339,106592,"4/0 AWG Super Vu-Tron clase M Cable de soldadura 600V 90C","Cable de soldadura|Cables especiales",,pa_calibre-awg|pa_numero-conductores|pa_voltaje|pa_apantallado|pa_chaqueta
340,106593,"500 KCMIL clase K Cable de soldadura 600V 105C EPDM","Cable de soldadura|Cables especiales",,pa_calibre-awg|pa_numero-conductores|pa_voltaje|pa_apantallado|pa_chaqueta
341,106594,"2 AWG puente Cable N/S EPR","Cables apantallados|Cables especiales",,pa_calibre-awg|pa_numero-conductores|pa_voltaje|pa_apantallado|pa_chaqueta
342,106595,"2/0 AWG puente Cable N/S EPR","Cables apantallados|Cables especiales",,pa_calibre-awg|pa_numero-conductores|pa_voltaje|pa_apantallado|pa_chaqueta
343,106596,"4/0 AWG puente Cable N/S EPR","Cables apantallados|Cables especiales",,pa_calibre-awg|pa_numero-conductores|pa_voltaje|pa_apantallado|pa_chaqueta
344,106597,"500 MCM puente Cable N/S EPR","Cables apantallados|Cables especiales",,pa_calibre-awg|pa_numero-conductores|pa_voltaje|pa_apantallado|pa_chaqueta
362,106615,"1/3C tipo GGC 90C 2KV","Cables apantallados|Cables especiales",,pa_calibre-awg|pa_numero-conductores|pa_voltaje|pa_apantallado|pa_chaqueta
363,106616,"2/3C tipo GGC 90C 2KV","Cables apantallados|Cables especiales",,pa_calibre-awg|pa_numero-conductores|pa_voltaje|pa_apantallado|pa_chaqueta
364,106617,"2/4C tipo G 90C 2KV","Cables apantallados|Cables especiales",,pa_calibre-awg|pa_numero-conductores|pa_voltaje|pa_apantallado|pa_chaqueta
365,106618,"4/3C tipo GGC 90C 2KV","Cables apantallados|Cables especiales",,pa_calibre-awg|pa_numero-conductores|pa_voltaje|pa_apantallado|pa_chaqueta
366,106619,"4/4C tipo G 90C 2KV","Cables apantallados|Cables especiales",,pa_calibre-awg|pa_numero-conductores|pa_voltaje|pa_apantallado|pa_chaqueta
367,106620,"6/3C tipo GGC 90C 2KV","Cables apantallados|Cables especiales",,pa_calibre-awg|pa_numero-conductores|pa_voltaje|pa_apantallado|pa_chaqueta
368,106621,"6/4C tipo G 90C 2KV","Cables apantallados|Cables especiales",,pa_calibre-awg|pa_numero-conductores|pa_voltaje|pa_apantallado|pa_chaqueta
369,106622,"8/3C tipo GGC 90C 2KV","Cables apantallados|Cables especiales",,pa_calibre-awg|pa_numero-conductores|pa_voltaje|pa_apantallado|pa_chaqueta
370,106623,"8/4C tipo G 90C 2KV","Cables apantallados|Cables especiales",,pa_calibre-awg|pa_numero-conductores|pa_voltaje|pa_apantallado|pa_chaqueta
371,106624,"1/0-3C tipo GGC 90C 2KV","Cables apantallados|Cables especiales",,pa_calibre-awg|pa_numero-conductores|pa_voltaje|pa_apantallado|pa_chaqueta
372,106625,"1/0-4C tipo G 90C 2KV","Cables apantallados|Cables especiales",,pa_calibre-awg|pa_numero-conductores|pa_voltaje|pa_apantallado|pa_chaqueta
373,106626,"2/0-3C tipo GGC 90C 2KV","Cables apantallados|Cables especiales",,pa_calibre-awg|pa_numero-conductores|pa_voltaje|pa_apantallado|pa_chaqueta
374,106627,"2/0-4C tipo G 90C 2KV","Cables apantallados|Cables especiales",,pa_calibre-awg|pa_numero-conductores|pa_voltaje|pa_apantallado|pa_chaqueta
375,106628,"250/3C tipo GGC 90C 2KV","Cables apantallados|Cables especiales",,pa_calibre-awg|pa_numero-conductores|pa_voltaje|pa_apantallado|pa_chaqueta|pa_norma
376,106629,"3/0-3C tipo GGC 90C 2KV","Cables apantallados|Cables especiales",,pa_calibre-awg|pa_numero-conductores|pa_voltaje|pa_apantallado|pa_chaqueta
377,106630,"3/0-4C tipo G 90C 2KV","Cables apantallados|Cables especiales",,pa_calibre-awg|pa_numero-conductores|pa_voltaje|pa_apantallado|pa_chaqueta
378,106631,"350/3C tipo GGC 90C 2KV","Cables apantallados|Cables especiales",,pa_calibre-awg|pa_numero-conductores|pa_voltaje|pa_apantallado|pa_chaqueta|pa_norma
379,106632,"4/0-3C tipo GGC 90C 2KV","Cables apantallados|Cables especiales",,pa_calibre-awg|pa_numero-conductores|pa_voltaje|pa_apantallado|pa_chaqueta
380,106633,"4/0-4C tipo G 90C 2KV","Cables apantallados|Cables especiales",,pa_calibre-awg|pa_numero-conductores|pa_voltaje|pa_apantallado|pa_chaqueta
381,106634,"500/3C tipo GGC 90C 2KV","Cables apantallados|Cables especiales",,pa_calibre-awg|pa_numero-conductores|pa_voltaje|pa_apantallado|pa_chaqueta|pa_norma
382,106635,"1 AWG DLO Cable RHH RHW-2 RW90 90C 2KV CPE","Cable DLO|Cables especiales",,pa_calibre-awg|pa_numero-conductores|pa_voltaje|pa_apantallado|pa_chaqueta
383,106636,"2 AWG DLO Cable RHH RHW-2 RW90 90C 2KV CPE","Cable DLO|Cables especiales",,pa_calibre-awg|pa_numero-conductores|pa_voltaje|pa_apantallado|pa_chaqueta
384,106637,"4 AWG DLO Cable RHH RHW-2 RW90 90C 2KV CPE","Cable DLO|Cables especiales",,pa_calibre-awg|pa_numero-conductores|pa_voltaje|pa_apantallado|pa_chaqueta
385,106638,"6 AWG DLO Cable RHH RHW-2 RW90 90C 2KV CPE","Cable DLO|Cables especiales",,pa_calibre-awg|pa_numero-conductores|pa_voltaje|pa_apantallado|pa_chaqueta
386,106639,"8 AWG DLO Cable RHH RHW-2 RW90 90C 2KV CPE","Cable DLO|Cables especiales",,pa_calibre-awg|pa_numero-conductores|pa_voltaje|pa_apantallado|pa_chaqueta
387,106640,"1/0 AWG DLO Cable RHH RHW-2 RW90 90C 2KV CPE","Cable DLO|Cables especiales",,pa_calibre-awg|pa_numero-conductores|pa_voltaje|pa_apantallado|pa_chaqueta
388,106641,"12 AWG DLO Cable RHH RHW-2 RW90 90C 2KV CPE","Cable DLO|Cables especiales",,pa_calibre-awg|pa_numero-conductores|pa_voltaje|pa_apantallado|pa_chaqueta
389,106642,"2/0 AWG DLO Cable RHH RHW-2 RW90 90C 2KV CPE","Cable DLO|Cables especiales",,pa_calibre-awg|pa_numero-conductores|pa_voltaje|pa_apantallado|pa_chaqueta
390,106643,"262 MCM DLO Cable RHH RHW-2 RW90 90C 2KV CPE","Cable DLO|Cables especiales",,pa_calibre-awg|pa_numero-conductores|pa_voltaje|pa_apantallado|pa_chaqueta
391,106644,"3/0 AWG DLO Cable RHH RHW-2 RW90 90C 2KV CPE","Cable DLO|Cables especiales",,pa_calibre-awg|pa_numero-conductores|pa_voltaje|pa_apantallado|pa_chaqueta
392,106645,"313 MCM DLO Cable RHH RHW-2 RW90 90C 2KV CPE","Cable DLO|Cables especiales",,pa_calibre-awg|pa_numero-conductores|pa_voltaje|pa_apantallado|pa_chaqueta
393,106646,"373 MCM DLO Cable RHH RHW-2 RW90 90C 2KV CPE","Cable DLO|Cables especiales",,pa_calibre-awg|pa_numero-conductores|pa_voltaje|pa_apantallado|pa_chaqueta
394,106647,"4/0 AWG DLO Cable RHH RHW-2 RW90 90C 2KV CPE","Cable DLO|Cables especiales",,pa_calibre-awg|pa_numero-conductores|pa_voltaje|pa_apantallado|pa_chaqueta
395,106648,"444 MCM DLO Cable RHH RHW-2 RW90 90C 2KV CPE","Cable DLO|Cables especiales",,pa_calibre-awg|pa_numero-conductores|pa_voltaje|pa_apantallado|pa_chaqueta
396,106649,"535 MCM DLO Cable RHH RHW-2 RW90 90C 2KV CPE","Cable DLO|Cables especiales",,pa_calibre-awg|pa_numero-conductores|pa_voltaje|pa_apantallado|pa_chaqueta
397,106650,"646 MCM DLO Cable RHH RHW-2 RW90 90C 2KV CPE","Cable DLO|Cables especiales",,pa_calibre-awg|pa_numero-conductores|pa_voltaje|pa_apantallado|pa_chaqueta
398,106651,"777 MCM DLO Cable RHH RHW-2 RW90 90C 2KV CPE","Cable DLO|Cables especiales",,pa_calibre-awg|pa_numero-conductores|pa_voltaje|pa_apantallado|pa_chaqueta
400,106653,"10/4C plano festón 105C 600V PVC","Cable festón|Cables especiales",,pa_calibre-awg|pa_numero-conductores|pa_voltaje|pa_apantallado|pa_chaqueta
401,106654,"12/4C plano festón 105C 600V PVC","Cable festón|Cables especiales",,pa_calibre-awg|pa_numero-conductores|pa_voltaje|pa_apantallado|pa_chaqueta
402,106655,"12/8C plano festón 105C 600V PVC","Cable festón|Cables especiales",,pa_calibre-awg|pa_numero-conductores|pa_voltaje|pa_apantallado|pa_chaqueta
403,106656,"14/4C plano festón 105C 600V PVC","Cable festón|Cables especiales",,pa_calibre-awg|pa_numero-conductores|pa_voltaje|pa_apantallado|pa_chaqueta
404,106657,"14/8C plano festón 105C 600V PVC","Cable festón|Cables especiales",,pa_calibre-awg|pa_numero-conductores|pa_voltaje|pa_apantallado|pa_chaqueta
405,106658,"16/8C plano festón 105C 600V PVC","Cable festón|Cables especiales",,pa_calibre-awg|pa_numero-conductores|pa_voltaje|pa_apantallado|pa_chaqueta
406,106659,"16/12C plano festón 105C 600V PVC","Cable festón|Cables especiales",,pa_calibre-awg|pa_numero-conductores|pa_voltaje|pa_apantallado|pa_chaqueta
407,106660,"14/1C FEP tipo K (19 STR) 150C 600V","Cable de alta temperatura|Cables especiales",,pa_calibre-awg|pa_numero-conductores|pa_voltaje|pa_apantallado
408,106664,"18/1C FEP tipo K (19 STR) 150C 600V","Cable de alta temperatura|Cables especiales",,pa_calibre-awg|pa_numero-conductores|pa_voltaje|pa_apantallado
416,106680,"16(19ST)TFE-E MIL-16878/4 GRY","Cable de alta temperatura|Cables especiales",,pa_calibre-awg|pa_numero-conductores|pa_voltaje|pa_apantallado
418,106685,"18(19ST)TFE-E MIL-16878/4 BLK","Cable de alta temperatura|Cables especiales",,pa_calibre-awg|pa_numero-conductores|pa_voltaje|pa_apantallado
420,106688,"18(19ST)TFE-E MIL-16878/4 GRN","Cable de alta temperatura|Cables especiales",,pa_calibre-awg|pa_numero-conductores|pa_voltaje|pa_apantallado
424,106697,"14/1C Gas Tube Only GTO-15 Cable 105C 15KV","Cables apantallados|Cables especiales",,pa_calibre-awg|pa_numero-conductores|pa_voltaje|pa_apantallado|pa_chaqueta|pa_norma
425,106698,"2 AWG 133 hilos cobre desnudo PVC","Cable desnudo|Conductores desnudos",,pa_calibre-awg|pa_numero-conductores|pa_voltaje|pa_apantallado
426,106699,"8 AWG 133 hilos cobre desnudo PVC","Cable desnudo|Conductores desnudos",,pa_calibre-awg|pa_numero-conductores|pa_voltaje|pa_apantallado
427,106701,"10 AWG 105 hilos cobre estañado PVC","Cables apantallados|Cables especiales",,pa_calibre-awg|pa_numero-conductores|pa_voltaje|pa_apantallado
428,106707,"12 AWG 65 hilos cobre estañado PVC","Cables apantallados|Cables especiales",,pa_calibre-awg|pa_numero-conductores|pa_voltaje|pa_apantallado
429,106716,"14 AWG 41 hilos cobre estañado PVC","Cables apantallados|Cables especiales",,pa_calibre-awg|pa_numero-conductores|pa_voltaje|pa_apantallado
430,106726,"16 AWG 26 hilos cobre estañado PVC","Cables apantallados|Cables especiales",,pa_calibre-awg|pa_numero-conductores|pa_voltaje|pa_apantallado
431,106737,"18 AWG cobre desnudo sólido PVC","Cable desnudo|Conductores desnudos",,pa_calibre-awg|pa_numero-conductores|pa_voltaje|pa_apantallado
432,106738,"18 AWG 16 hilos cobre estañado PVC","Cables apantallados|Cables especiales",,pa_calibre-awg|pa_numero-conductores|pa_voltaje|pa_apantallado
433,106750,"20 AWG 10 hilos cobre estañado PVC","Cables apantallados|Cables especiales",,pa_calibre-awg|pa_numero-conductores|pa_voltaje|pa_apantallado
434,106760,"22 AWG 7 hilos cobre estañado PVC","Cables apantallados|Cables especiales",,pa_calibre-awg|pa_numero-conductores|pa_voltaje|pa_apantallado
435,106770,"22 AWG máquina herramienta cable UL 1007/1569","Cables apantallados|Cables especiales",,pa_calibre-awg|pa_numero-conductores|pa_voltaje|pa_apantallado
701,107040,"2/3C Bus bajante 60C 600V","Cables apantallados|Cables especiales",,pa_calibre-awg|pa_numero-conductores|pa_voltaje|pa_apantallado|pa_chaqueta
702,107041,"6/3C Bus bajante 60C 600V","Cables apantallados|Cables especiales",,pa_calibre-awg|pa_numero-conductores|pa_voltaje|pa_apantallado|pa_chaqueta
703,107042,"8/3C Bus bajante 60C 600V","Cables apantallados|Cables especiales",,pa_calibre-awg|pa_numero-conductores|pa_voltaje|pa_apantallado|pa_chaqueta
704,107043,"10/3C Bus bajante 60C 600V","Cables apantallados|Cables especiales",,pa_calibre-awg|pa_numero-conductores|pa_voltaje|pa_apantallado|pa_chaqueta
705,107044,"12/3C Bus bajante 60C 600V","Cables apantallados|Cables especiales",,pa_calibre-awg|pa_numero-conductores|pa_voltaje|pa_apantallado|pa_chaqueta
706,107045,"12/4C Bus bajante 60C 600V","Cables apantallados|Cables especiales",,pa_calibre-awg|pa_numero-conductores|pa_voltaje|pa_apantallado|pa_chaqueta
707,107046,"14/3C Bus bajante 60C 600V","Cables apantallados|Cables especiales",,pa_calibre-awg|pa_numero-conductores|pa_voltaje|pa_apantallado|pa_chaqueta
761,107100,"18/2C FREP/CPE SHLD 600V M1/E2","Cables apantallados|Cables especiales",,pa_calibre-awg|pa_numero-conductores|pa_voltaje|pa_apantallado|pa_chaqueta
772,107111,"350/3C FREP/CPE M4 600V TC-ER","Cable para bandeja / tray cable|Cables especiales",,pa_calibre-awg|pa_numero-conductores|pa_voltaje|pa_apantallado|pa_chaqueta
779,107118,"12/3C 600V SDN M1/E2 90C DRY","Cables apantallados|Cables especiales",,pa_calibre-awg|pa_numero-conductores|pa_voltaje|pa_apantallado|pa_chaqueta
780,107119,"12 AWG 4 conductores SDN diámetro pequeño neopreno","Cables apantallados|Cables especiales",,pa_calibre-awg|pa_numero-conductores|pa_voltaje|pa_apantallado|pa_chaqueta
781,107120,"12 AWG 6 conductores SDN diámetro pequeño neopreno","Cables apantallados|Cables especiales",,pa_calibre-awg|pa_numero-conductores|pa_voltaje|pa_apantallado|pa_chaqueta
782,107121,"14 AWG 3 conductores SDN diámetro pequeño neopreno","Cables apantallados|Cables especiales",,pa_calibre-awg|pa_numero-conductores|pa_voltaje|pa_apantallado|pa_chaqueta
783,107122,"14/4C 600V SDN M1/E2 90C DRY","Cables apantallados|Cables especiales",,pa_calibre-awg|pa_numero-conductores|pa_voltaje|pa_apantallado|pa_chaqueta
784,107123,"14 AWG 6 conductores SDN diámetro pequeño neopreno","Cables apantallados|Cables especiales",,pa_calibre-awg|pa_numero-conductores|pa_voltaje|pa_apantallado|pa_chaqueta
785,107124,"14 AWG 8 conductores SDN diámetro pequeño neopreno","Cables apantallados|Cables especiales",,pa_calibre-awg|pa_numero-conductores|pa_voltaje|pa_apantallado|pa_chaqueta
786,107125,"14 AWG 10 conductores SDN diámetro pequeño neopreno","Cables apantallados|Cables especiales",,pa_calibre-awg|pa_numero-conductores|pa_voltaje|pa_apantallado|pa_chaqueta
787,107126,"14/12C 600V SDN M1/E2 90C DRY","Cables apantallados|Cables especiales",,pa_calibre-awg|pa_numero-conductores|pa_voltaje|pa_apantallado|pa_chaqueta
788,107127,"14 AWG 16 conductores SDN diámetro pequeño neopreno","Cables apantallados|Cables especiales",,pa_calibre-awg|pa_numero-conductores|pa_voltaje|pa_apantallado|pa_chaqueta
789,107128,"14 AWG 24 conductores SDN diámetro pequeño neopreno","Cables apantallados|Cables especiales",,pa_calibre-awg|pa_numero-conductores|pa_voltaje|pa_apantallado|pa_chaqueta
790,107129,"14/37C 600V SDN M1/E2 90C DRY","Cables apantallados|Cables especiales",,pa_calibre-awg|pa_numero-conductores|pa_voltaje|pa_apantallado|pa_chaqueta
791,107130,"16 AWG 4 conductores SDN diámetro pequeño neopreno","Cables apantallados|Cables especiales",,pa_calibre-awg|pa_numero-conductores|pa_voltaje|pa_apantallado|pa_chaqueta
792,107131,"16/5C 600V SDN M1/E2 90C DRY","Cables apantallados|Cables especiales",,pa_calibre-awg|pa_numero-conductores|pa_voltaje|pa_apantallado|pa_chaqueta
793,107132,"16 AWG 6 conductores SDN diámetro pequeño neopreno","Cables apantallados|Cables especiales",,pa_calibre-awg|pa_numero-conductores|pa_voltaje|pa_apantallado|pa_chaqueta
794,107133,"16 AWG 8 conductores SDN diámetro pequeño neopreno","Cables apantallados|Cables especiales",,pa_calibre-awg|pa_numero-conductores|pa_voltaje|pa_apantallado|pa_chaqueta
795,107134,"16 AWG 10 conductores SDN diámetro pequeño neopreno","Cables apantallados|Cables especiales",,pa_calibre-awg|pa_numero-conductores|pa_voltaje|pa_apantallado|pa_chaqueta
796,107135,"16 AWG 14 conductores SDN diámetro pequeño neopreno","Cables apantallados|Cables especiales",,pa_calibre-awg|pa_numero-conductores|pa_voltaje|pa_apantallado|pa_chaqueta
797,107136,"16 AWG 16 conductores SDN diámetro pequeño neopreno","Cables apantallados|Cables especiales",,pa_calibre-awg|pa_numero-conductores|pa_voltaje|pa_apantallado|pa_chaqueta
798,107137,"16 AWG 24 conductores SDN diámetro pequeño neopreno","Cables apantallados|Cables especiales",,pa_calibre-awg|pa_numero-conductores|pa_voltaje|pa_apantallado|pa_chaqueta
799,107138,"16 AWG 30 conductores SDN diámetro pequeño neopreno","Cables apantallados|Cables especiales",,pa_calibre-awg|pa_numero-conductores|pa_voltaje|pa_apantallado|pa_chaqueta
800,107139,"16 AWG 37 conductores SDN diámetro pequeño neopreno","Cables apantallados|Cables especiales",,pa_calibre-awg|pa_numero-conductores|pa_voltaje|pa_apantallado|pa_chaqueta
801,107140,"18 AWG 5 conductores SDN diámetro pequeño neopreno","Cables apantallados|Cables especiales",,pa_calibre-awg|pa_numero-conductores|pa_voltaje|pa_apantallado|pa_chaqueta
802,107141,"18 AWG 6 conductores SDN diámetro pequeño neopreno","Cables apantallados|Cables especiales",,pa_calibre-awg|pa_numero-conductores|pa_voltaje|pa_apantallado|pa_chaqueta
803,107142,"18 AWG 8 conductores SDN diámetro pequeño neopreno","Cables apantallados|Cables especiales",,pa_calibre-awg|pa_numero-conductores|pa_voltaje|pa_apantallado|pa_chaqueta
804,107143,"18 AWG 12 conductores SDN diámetro pequeño neopreno","Cables apantallados|Cables especiales",,pa_calibre-awg|pa_numero-conductores|pa_voltaje|pa_apantallado|pa_chaqueta
805,107144,"18 AWG 14 conductores SDN diámetro pequeño neopreno","Cables apantallados|Cables especiales",,pa_calibre-awg|pa_numero-conductores|pa_voltaje|pa_apantallado|pa_chaqueta
806,107145,"18 AWG 16 conductores SDN diámetro pequeño neopreno","Cables apantallados|Cables especiales",,pa_calibre-awg|pa_numero-conductores|pa_voltaje|pa_apantallado|pa_chaqueta
807,107146,"18/19C 600V SDN M1/E2 90C DRY","Cables apantallados|Cables especiales",,pa_calibre-awg|pa_numero-conductores|pa_voltaje|pa_apantallado|pa_chaqueta
808,107147,"12/3C bajo Smoke Zero Halogen TC-ER 90C 600V","Cable para bandeja / tray cable|Cables especiales",,pa_calibre-awg|pa_numero-conductores|pa_voltaje|pa_apantallado|pa_chaqueta
809,107148,"20/1P JX termopar sin apantallar 200C 300V FEP","Cables apantallados|Cables especiales",,pa_calibre-awg|pa_numero-conductores|pa_voltaje|pa_apantallado|pa_chaqueta
810,107149,"16/1P EX termopar apantallado 105C 300V PVC Purple","Cables apantallados|Cables especiales",,pa_calibre-awg|pa_numero-conductores|pa_voltaje|pa_apantallado|pa_chaqueta|pa_norma
811,107150,"16/1P JX termopar apantallado 105C 300V PVC","Cables apantallados|Cables especiales",,pa_calibre-awg|pa_numero-conductores|pa_voltaje|pa_apantallado|pa_chaqueta|pa_norma
812,107152,"16/1P TX termopar apantallado 105C 300V PVC","Cables apantallados|Cables especiales",,pa_calibre-awg|pa_numero-conductores|pa_voltaje|pa_apantallado|pa_chaqueta|pa_norma
813,107153,"20/1P JX termopar apantallado 105C 300V PVC","Cables apantallados|Cables especiales",,pa_calibre-awg|pa_numero-conductores|pa_voltaje|pa_apantallado|pa_chaqueta|pa_norma
814,107156,"20/1P JX termopar sin apantallar 105C 300V PVC","Cables apantallados|Cables especiales",,pa_calibre-awg|pa_numero-conductores|pa_voltaje|pa_apantallado|pa_chaqueta
815,107158,"20/1P TX termopar sin apantallar 105C 300V PVC","Cables apantallados|Cables especiales",,pa_calibre-awg|pa_numero-conductores|pa_voltaje|pa_apantallado|pa_chaqueta
816,107159,"20/2C J termopar sin apantallar 510C 600V Fiberglass","Cables de fibra óptica",,pa_calibre-awg|pa_numero-conductores|pa_apantallado|pa_chaqueta
817,107160,"8/3C plano sumergible bomba Cable w/G PVC","Cables apantallados|Cables especiales",,pa_calibre-awg|pa_numero-conductores|pa_voltaje|pa_apantallado|pa_norma
818,107161,"10/3C plano sumergible bomba Cable w/G PVC","Cables apantallados|Cables especiales",,pa_calibre-awg|pa_numero-conductores|pa_voltaje|pa_apantallado|pa_norma
819,107162,"12/3C plano sumergible bomba Cable w/G PVC","Cables apantallados|Cables especiales",,pa_calibre-awg|pa_numero-conductores|pa_voltaje|pa_apantallado|pa_norma
820,107163,"14/3C plano sumergible bomba Cable w/G PVC","Cables apantallados|Cables especiales",,pa_calibre-awg|pa_numero-conductores|pa_voltaje|pa_apantallado|pa_norma
948,107291,"10/1C FEP tipo K (37 STR) 200C 600V","Cable de alta temperatura|Cables especiales",,pa_calibre-awg|pa_numero-conductores|pa_voltaje|pa_apantallado
949,107295,"12/1C FEP tipo K (19 STR) 200C 600V","Cable de alta temperatura|Cables especiales",,pa_calibre-awg|pa_numero-conductores|pa_voltaje|pa_apantallado
950,107299,"16/1C FEP tipo K (19 STR) 150C 600V","Cable de alta temperatura|Cables especiales",,pa_calibre-awg|pa_numero-conductores|pa_voltaje|pa_apantallado
954,107308,"20(19ST)TFE-E MIL-16878/4","Cable de alta temperatura|Cables especiales",,pa_calibre-awg|pa_numero-conductores|pa_voltaje|pa_apantallado
955,107309,"20(19ST)TFE-E MIL-16878/4 GRN","Cable de alta temperatura|Cables especiales",,pa_calibre-awg|pa_numero-conductores|pa_voltaje|pa_apantallado
956,107310,"20(19ST)TFE-E MIL-16878/4 BLU","Cable de alta temperatura|Cables especiales",,pa_calibre-awg|pa_numero-conductores|pa_voltaje|pa_apantallado
959,107319,"16/2P JX termopar SPOS 105C 300V PVC","Cables apantallados|Cables especiales",,pa_calibre-awg|pa_numero-conductores|pa_voltaje|pa_apantallado|pa_chaqueta|pa_norma
960,107320,"16/2P KX termopar SPOS 105C 300V PVC","Cables apantallados|Cables especiales",,pa_calibre-awg|pa_numero-conductores|pa_voltaje|pa_apantallado|pa_chaqueta|pa_norma
961,107321,"16/4P JX termopar SPOS 105C 300V PVC","Cables apantallados|Cables especiales",,pa_calibre-awg|pa_numero-conductores|pa_voltaje|pa_apantallado|pa_chaqueta|pa_norma
962,107322,"16/8P JX termopar SPOS 105C 300V PVC","Cables apantallados|Cables especiales",,pa_calibre-awg|pa_numero-conductores|pa_voltaje|pa_apantallado|pa_chaqueta|pa_norma
963,107323,"16/8P KX termopar SPOS 105C 300V PVC","Cables apantallados|Cables especiales",,pa_calibre-awg|pa_numero-conductores|pa_voltaje|pa_apantallado|pa_chaqueta|pa_norma
964,107324,"16/12P JX termopar SPOS 105C 300V PVC","Cables apantallados|Cables especiales",,pa_calibre-awg|pa_numero-conductores|pa_voltaje|pa_apantallado|pa_chaqueta|pa_norma
965,107325,"16/24P JX termopar SPOS 105C 300V PVC","Cables apantallados|Cables especiales",,pa_calibre-awg|pa_numero-conductores|pa_voltaje|pa_apantallado|pa_chaqueta|pa_norma
966,107326,"16/24P KX termopar SPOS 105C 300V PVC","Cables apantallados|Cables especiales",,pa_calibre-awg|pa_numero-conductores|pa_voltaje|pa_apantallado|pa_chaqueta|pa_norma
967,107327,"20/4P JX termopar SPOS 105C 300V PVC","Cables apantallados|Cables especiales",,pa_calibre-awg|pa_numero-conductores|pa_voltaje|pa_apantallado|pa_chaqueta|pa_norma
968,107328,"20/4P KX termopar SPOS 105C 300V PVC","Cables apantallados|Cables especiales",,pa_calibre-awg|pa_numero-conductores|pa_voltaje|pa_apantallado|pa_chaqueta|pa_norma
969,107329,"20/8P JX termopar SPOS 105C 300V PVC","Cables apantallados|Cables especiales",,pa_calibre-awg|pa_numero-conductores|pa_voltaje|pa_apantallado|pa_chaqueta|pa_norma
970,107330,"20/8P KX termopar SPOS 105C 300V PVC","Cables apantallados|Cables especiales",,pa_calibre-awg|pa_numero-conductores|pa_voltaje|pa_apantallado|pa_chaqueta|pa_norma
971,107331,"20/12P JX termopar SPOS 105C 300V PVC","Cables apantallados|Cables especiales",,pa_calibre-awg|pa_numero-conductores|pa_voltaje|pa_apantallado|pa_chaqueta|pa_norma
972,107332,"20/12P KX termopar SPOS 105C 300V PVC","Cables apantallados|Cables especiales",,pa_calibre-awg|pa_numero-conductores|pa_voltaje|pa_apantallado|pa_chaqueta|pa_norma
973,107333,"20/24P JX termopar SPOS 105C 300V PVC","Cables apantallados|Cables especiales",,pa_calibre-awg|pa_numero-conductores|pa_voltaje|pa_apantallado|pa_chaqueta|pa_norma
974,107334,"20/24P KX termopar SPOS 105C 300V PVC","Cables apantallados|Cables especiales",,pa_calibre-awg|pa_numero-conductores|pa_voltaje|pa_apantallado|pa_chaqueta|pa_norma
975,107335,"16/1P JX termopar apantallado 200C 300V FEP","Cables apantallados|Cables especiales",,pa_calibre-awg|pa_numero-conductores|pa_voltaje|pa_apantallado|pa_chaqueta|pa_norma
977,107338,"4 AWG 133 hilos cobre desnudo PVC","Cable desnudo|Conductores desnudos",,pa_calibre-awg|pa_numero-conductores|pa_voltaje|pa_apantallado
978,107340,"6 AWG 133 hilos cobre desnudo PVC","Cable desnudo|Conductores desnudos",,pa_calibre-awg|pa_numero-conductores|pa_voltaje|pa_apantallado
979,107344,"16 AWG máquina herramienta cable UL 1007/1569","Cables apantallados|Cables especiales",,pa_calibre-awg|pa_numero-conductores|pa_voltaje|pa_apantallado
980,107349,"18 AWG máquina herramienta cable UL 1007/1569","Cables apantallados|Cables especiales",,pa_calibre-awg|pa_numero-conductores|pa_voltaje|pa_apantallado
1007,107381,"1/1C SRML cable (259 hilos) 200C 600V","Cables apantallados|Cables especiales",,pa_calibre-awg|pa_numero-conductores|pa_voltaje|pa_apantallado|pa_chaqueta|pa_norma
1008,107382,"2/1C SRML cable (133 hilos) 200C 600V","Cables apantallados|Cables especiales",,pa_calibre-awg|pa_numero-conductores|pa_voltaje|pa_apantallado|pa_chaqueta|pa_norma
1009,107383,"4/1C SRML cable (133 hilos) 200C 600V","Cables apantallados|Cables especiales",,pa_calibre-awg|pa_numero-conductores|pa_voltaje|pa_apantallado|pa_chaqueta|pa_norma
1010,107384,"6/1C SRML cable (133 hilos) 150C 600V","Cables apantallados|Cables especiales",,pa_calibre-awg|pa_numero-conductores|pa_voltaje|pa_apantallado|pa_chaqueta|pa_norma
1011,107385,"8/1C SRML cable (133 hilos) 150C 600V","Cables apantallados|Cables especiales",,pa_calibre-awg|pa_numero-conductores|pa_voltaje|pa_apantallado|pa_chaqueta|pa_norma
1012,107386,"1/0-1C SRML cable (259 hilos) 200C 600V","Cables apantallados|Cables especiales",,pa_calibre-awg|pa_numero-conductores|pa_voltaje|pa_apantallado|pa_chaqueta|pa_norma
1013,107387,"12 AWG 3 conductores 19 hilos silicona caucho Motor conexión SRG-K","Cable coaxial|Cables especiales",,pa_calibre-awg|pa_numero-conductores|pa_voltaje|pa_apantallado|pa_chaqueta
1014,107388,"12 AWG 4 conductores 19 hilos silicona caucho Motor conexión SRG-K","Cable coaxial|Cables especiales",,pa_calibre-awg|pa_numero-conductores|pa_voltaje|pa_apantallado|pa_chaqueta
1015,107389,"12/5C(19STR) SRG-K CABLE 200C","Cable coaxial|Cables especiales",,pa_calibre-awg|pa_numero-conductores|pa_voltaje|pa_apantallado|pa_chaqueta
1016,107390,"14 AWG 3 conductores 7 hilos silicona caucho Motor conexión SRG-K","Cable coaxial|Cables especiales",,pa_calibre-awg|pa_numero-conductores|pa_voltaje|pa_apantallado|pa_chaqueta
1017,107391,"14 AWG 4 conductores 7 hilos silicona caucho Motor conexión SRG-K","Cable coaxial|Cables especiales",,pa_calibre-awg|pa_numero-conductores|pa_voltaje|pa_apantallado|pa_chaqueta
1018,107392,"14 AWG 5 conductores 7 hilos silicona caucho Motor conexión SRG-K","Cable coaxial|Cables especiales",,pa_calibre-awg|pa_numero-conductores|pa_voltaje|pa_apantallado|pa_chaqueta
1019,107393,"14 AWG 7 conductores 7 hilos silicona caucho Motor conexión SRG-K","Cable coaxial|Cables especiales",,pa_calibre-awg|pa_numero-conductores|pa_voltaje|pa_apantallado|pa_chaqueta
1020,107394,"2/0-1C SRML cable (259 hilos) 200C 600V","Cables apantallados|Cables especiales",,pa_calibre-awg|pa_numero-conductores|pa_voltaje|pa_apantallado|pa_chaqueta|pa_norma
1021,107395,"250/1C SRML cable (427 hilos) 200C 600V","Cables apantallados|Cables especiales",,pa_calibre-awg|pa_numero-conductores|pa_voltaje|pa_apantallado|pa_chaqueta|pa_norma
1022,107396,"3/0-1C SRML cable (259 hilos) 200C 600V","Cables apantallados|Cables especiales",,pa_calibre-awg|pa_numero-conductores|pa_voltaje|pa_apantallado|pa_chaqueta|pa_norma
1023,107397,"350/1C SRML cable (427 hilos) 200C 600V","Cables apantallados|Cables especiales",,pa_calibre-awg|pa_numero-conductores|pa_voltaje|pa_apantallado|pa_chaqueta|pa_norma
1024,107398,"4/0-1C SRML cable (259 hilos) 200C 600V","Cables apantallados|Cables especiales",,pa_calibre-awg|pa_numero-conductores|pa_voltaje|pa_apantallado|pa_chaqueta|pa_norma
1025,107399,"500/1C SRML cable (427 hilos) 200C 600V","Cables apantallados|Cables especiales",,pa_calibre-awg|pa_numero-conductores|pa_voltaje|pa_apantallado|pa_chaqueta|pa_norma
1031,107405,"10/1C SRML cable (SFF-2) 150C 600V","Cables apantallados|Cables especiales",,pa_calibre-awg|pa_numero-conductores|pa_voltaje|pa_apantallado|pa_chaqueta|pa_norma
1032,107409,"12/1C SRML cable (SFF-2) 150C 600V","Cables apantallados|Cables especiales",,pa_calibre-awg|pa_numero-conductores|pa_voltaje|pa_apantallado|pa_chaqueta|pa_norma
1033,107414,"14/1C SRML cable (SFF-2) 150C 600V","Cables apantallados|Cables especiales",,pa_calibre-awg|pa_numero-conductores|pa_voltaje|pa_apantallado|pa_chaqueta|pa_norma
1034,107419,"16/1C SRML cable (SFF-2) 150C 600V","Cables apantallados|Cables especiales",,pa_calibre-awg|pa_numero-conductores|pa_voltaje|pa_apantallado|pa_chaqueta|pa_norma
1035,107424,"18/1C SRML cable (SFF-2) 150C 600V","Cables apantallados|Cables especiales",,pa_calibre-awg|pa_numero-conductores|pa_voltaje|pa_apantallado|pa_chaqueta|pa_norma
1036,107427,"10/1C SRML cable (SF-2) 200C 600V","Cables apantallados|Cables especiales",,pa_calibre-awg|pa_numero-conductores|pa_voltaje|pa_apantallado|pa_chaqueta|pa_norma
1037,107429,"12/1C SRML cable (SF-2) 200C 600V","Cables apantallados|Cables especiales",,pa_calibre-awg|pa_numero-conductores|pa_voltaje|pa_apantallado|pa_chaqueta|pa_norma
1038,107431,"14/1C SRML cable (SF-2) 200C 600V","Cables apantallados|Cables especiales",,pa_calibre-awg|pa_numero-conductores|pa_voltaje|pa_apantallado|pa_chaqueta|pa_norma
1039,107434,"16/1C SRML cable (SF-2) 200C 600V","Cables apantallados|Cables especiales",,pa_calibre-awg|pa_numero-conductores|pa_voltaje|pa_apantallado|pa_chaqueta|pa_norma
1040,107438,"18/1C SRML cable (SF-2) 200C 600V","Cables apantallados|Cables especiales",,pa_calibre-awg|pa_numero-conductores|pa_voltaje|pa_apantallado|pa_chaqueta|pa_norma
1041,107440,"6 AWG 1 conductor cobre estañado SIS 90C","Cables apantallados|Cables especiales",,pa_calibre-awg|pa_numero-conductores|pa_voltaje|pa_apantallado
1042,107442,"8 AWG 1 conductor cobre estañado SIS 90C BLK","Cables apantallados|Cables especiales",,pa_calibre-awg|pa_numero-conductores|pa_voltaje|pa_apantallado
1043,107443,"8 AWG 1 conductor cobre estañado SIS 90C WHT","Cables apantallados|Cables especiales",,pa_calibre-awg|pa_numero-conductores|pa_voltaje|pa_apantallado
1044,107444,"8 AWG 1 conductor cobre estañado SIS 90C","Cables apantallados|Cables especiales",,pa_calibre-awg|pa_numero-conductores|pa_voltaje|pa_apantallado
1045,107447,"10 AWG 1 conductor cobre estañado SIS 90C","Cables apantallados|Cables especiales",,pa_calibre-awg|pa_numero-conductores|pa_voltaje|pa_apantallado
1046,107454,"12 AWG 1 conductor cobre estañado SIS 90C","Cables apantallados|Cables especiales",,pa_calibre-awg|pa_numero-conductores|pa_voltaje|pa_apantallado
1059,107468,"16/1P JX termopar sin apantallar 105C 300V PVC","Cables apantallados|Cables especiales",,pa_calibre-awg|pa_numero-conductores|pa_voltaje|pa_apantallado|pa_chaqueta
1110,109001,"24 AWG 7 x 32 trenzado cobre estañado LO-CAP POLYPROPYLENE – INDIVIDUAL blindaje","Cables apantallados|Cables especiales",,
1113,9-10-5W-A19,"10.5W/A19/OMNI-LED/3500K/120V -10.5W 120V A19 3500","Cables apantallados|Cables especiales",,
1114,9-10BR30-LED-270,"10BR30 LED 2700K 750L E26 -10W 120V 2700K BR30 LED","Cables apantallados|Cables especiales",,
1160,123092A,"Belden RG6/U — cuádruple SHLD coaxial AIA","Cable coaxial|Cables especiales",Belden,pa_marca|pa_calibre-awg|pa_numero-conductores|pa_apantallado|pa_chaqueta|pa_norma
1163,129730,"Belden 129730 — 24/3P DATALENE/PVC ISHLD AIA","Cables apantallados|Cables especiales",Belden,pa_marca|pa_calibre-awg|pa_voltaje|pa_apantallado|pa_chaqueta
1187,1583AU,"Belden 1583AU — 24/4P Cat5e Cable U/UTP CMR PVC negro 1000 ft (carrete)","Cables de red",Belden,pa_marca|pa_calibre-awg|pa_chaqueta|pa_norma
1188,1583AU2,"Belden 1583AU2 — 24/4P Cat5e Cable U/UTP CMR PVC blanco 1000 ft (carrete)","Cables de red",Belden,pa_marca|pa_calibre-awg|pa_chaqueta|pa_norma
1189,1583AU3,"Belden 1583AU3 — 24/4P Cat5e Cable U/UTP CMR PVC Red 1000 ft (carrete)","Cables de red",Belden,pa_marca|pa_calibre-awg|pa_chaqueta|pa_norma
1190,1583AU4,"Belden 1583AU4 — 24/4P Cat5e Cable U/UTP CMR PVC verde 1000 ft (carrete)","Cables de red",Belden,pa_marca|pa_calibre-awg|pa_chaqueta|pa_norma
1191,1583AU5,"Belden 1583AU5 — 24/4P Cat5e Cable U/UTP CMR PVC azul 1000 ft (carrete)","Cables de red",Belden,pa_marca|pa_calibre-awg|pa_chaqueta|pa_norma
1192,1583AU6,"Belden 1583AU6 — 24/4P Cat5e Cable U/UTP CMR PVC gris 1000 ft (carrete)","Cables de red",Belden,pa_marca|pa_calibre-awg|pa_chaqueta|pa_norma
1193,1583AU7,"Belden 1583AU7 — 24/4P Cat5e Cable U/UTP CMR PVC naranja 1000 ft (carrete)","Cables de red",Belden,pa_marca|pa_calibre-awg|pa_chaqueta|pa_norma
1194,1583AU8,"Belden 1583AU8 — 24/4P Cat5e Cable U/UTP CMR PVC amarillo 1000 ft (carrete)","Cables de red",Belden,pa_marca|pa_calibre-awg|pa_chaqueta|pa_norma
1195,1583B,"Belden 1583B — 24/4P Cat5e Cable U/UTP CMR PVC rosa 1000 ft (carrete)","Cables de red",Belden,pa_marca|pa_calibre-awg|pa_chaqueta|pa_norma
1197,1585AU,"Belden 1585AU — 24/4P Cat5e Cable U/UTP CMP PVC negro 1000 ft (carrete)","Cables de red",Belden,pa_marca|pa_calibre-awg|pa_chaqueta|pa_norma
1198,1585AU2,"Belden 1585AU2 — 24/4P Cat5e Cable U/UTP CMP PVC blanco 1000 ft (carrete)","Cables de red",Belden,pa_marca|pa_calibre-awg|pa_chaqueta|pa_norma
1199,1585AU3,"Belden 1585AU3 — 24/4P Cat5e Cable U/UTP CMP PVC Red 1000 ft (carrete)","Cables de red",Belden,pa_marca|pa_calibre-awg|pa_chaqueta|pa_norma
1200,1585AU4,"Belden 1585AU4 — 24/4P Cat5e Cable U/UTP CMP PVC verde 1000 ft (carrete)","Cables de red",Belden,pa_marca|pa_calibre-awg|pa_chaqueta|pa_norma
1201,1585AU5,"Belden 1585AU5 — 24/4P Cat5e Cable U/UTP CMP PVC azul 1000 ft (carrete)","Cables de red",Belden,pa_marca|pa_calibre-awg|pa_chaqueta|pa_norma
1202,1585AU6,"Belden 1585AU6 — 24/4P Cat5e Cable U/UTP CMP PVC gris 1000 ft (carrete)","Cables de red",Belden,pa_marca|pa_calibre-awg|pa_chaqueta|pa_norma
1203,1585AU7,"Belden 1585AU7 — 24/4P Cat5e Cable U/UTP CMP PVC naranja 1000 ft (carrete)","Cables de red",Belden,pa_marca|pa_calibre-awg|pa_chaqueta|pa_norma
1204,1585B,"Belden 1585B — 24/4P Cat5e Cable U/UTP CMP PVC rosa 1000 ft (carrete)","Cables de red",Belden,pa_marca|pa_calibre-awg|pa_chaqueta|pa_norma
1211,1700AU5,"Belden 1700AU5 — 24/4P Cat5e+ Cable U/UTP CMR PVC azul 1000 ft (carrete)","Cables de red",Belden,pa_marca|pa_calibre-awg|pa_chaqueta|pa_norma
1212,1700AU8,"Belden 1700AU8 — 24/4P Cat5e+ Cable U/UTP CMR PVC amarillo 1000 ft (carrete)","Cables de red",Belden,pa_marca|pa_calibre-awg|pa_chaqueta|pa_norma
1214,183076F,"Belden 183076F — Cable multiconductor – Cont. Armor DataBus ISA/SP-50 FOUNDATION Fieldbus/Profibus 1","Cables de red",Belden,pa_marca|pa_calibre-awg|pa_numero-conductores|pa_voltaje|pa_apantallado|pa_chaqueta|pa_norma
1215,183092A,"Belden 183092A — coaxial – ControlNet cuádruple apantallado coaxial RG6/U cuádruple SHLD coaxial CCW","Cable coaxial|Cables especiales",Belden,pa_marca|pa_calibre-awg|pa_numero-conductores|pa_voltaje|pa_apantallado|pa_chaqueta|pa_norma
1226,27254,"Belden 27254 — Cable multiconductor – 600V tipo MC Metal Clad Cable 12/2C PLUS GRD XLP/PVC AIA","Cables de control",Belden,pa_marca|pa_calibre-awg|pa_numero-conductores|pa_chaqueta
1338,5321UE,"Belden 5321UE — Cable multiconductor – sistemas de audio comercial 18/3C sólido BC PVC/PVC","Cables de control",Belden,pa_marca|pa_calibre-awg|pa_numero-conductores|pa_voltaje|pa_apantallado|pa_chaqueta|pa_norma
1342,5339W5,"Belden 5339W5 — coaxial – vigilancia y CCTV aplicaciones 18 SOL BC RG6 tipo 60%","Cable coaxial|Cables especiales",Belden,pa_marca|pa_calibre-awg|pa_numero-conductores|pa_apantallado|pa_chaqueta|pa_norma
1347,5400FEU,"Belden 20/2C — BC PVC/PVC SHLD","Cables apantallados|Cables especiales",Belden,pa_marca|pa_calibre-awg|pa_numero-conductores|pa_voltaje|pa_apantallado|pa_chaqueta|pa_norma
1350,5402FEU,"Belden 20/4C — BC PP/PVC SHLD","Cables apantallados|Cables especiales",Belden,pa_marca|pa_calibre-awg|pa_numero-conductores|pa_voltaje|pa_apantallado|pa_chaqueta|pa_norma
1353,5439W5,"Belden 5439W5 — coaxial – CCTV, CATV y MATV aplicaciones 20 SOL BC RG59TYPE 95%BC","Cable coaxial|Cables especiales",Belden,pa_marca|pa_calibre-awg|pa_numero-conductores|pa_apantallado|pa_chaqueta|pa_norma
1411,6400UE,"Belden 6400UE — Cable multiconductor – sistemas de audio comercial – 2 conductores cableados 20/2C BC FLAMA","Cables de control",Belden,pa_marca|pa_calibre-awg|pa_numero-conductores|pa_voltaje|pa_apantallado|pa_chaqueta|pa_norma
